Subscription,Resource Group,VM Name,OS,Auto Update Enabled
Sub-MoogComm-Aircraft-Convergence-NonProd,cvg-sim-cmp-rg,cvg-sim-cmp-licenceserver,Windows,No
Sub-MoogComm-Aircraft-Convergence-NonProd,cvg-sim-img-rg,cvg-sim-img-plantsimvm,Windows,No
Sub-MoogComm-Aircraft-Convergence-NonProd,RG-GBAZ1-CVG-Convergence-Bastion-SB,gbaz1scvgba01,Linux,Yes
Sub-MoogComm-Aircraft-Convergence-NonProd,RG-GBAZ1-Convergence-Solumina-ActiveMQ-SB,gbaz1scvgmq01,Linux,Yes
Sub-MoogComm-Aircraft-Convergence-NonProd,RG-GBAZ1-CVG-WP2-DevelopmentVms-NP,gbaz1ncvgdev1,Windows,Yes
Sub-MoogComm-Corp-Analytics-NonProd,RG-USAE2-Analytics-Synapse-Integration-Runtime-SB,usae2sint01,Windows,Yes
Sub-MoogComm-Corp-Analytics-NonProd,RG-USAE2-Analytics-Synapse-IRE-SB,usae2sint02,Windows,Yes
Sub-MoogComm-Corp-Analytics-NonProd,RG-USAE2-Analytics-Synapse-IRE-SB,usae2sint03,Windows,Yes
Sub-MoogComm-Corp-Analytics-NonProd,RG-USAE2-Analytics-Synapse-IRE-SB,usae2sint04,Windows,Yes
Sub-MoogComm-Corp-Analytics-NonProd,RG-USAE2-Analytics-Synapse-IRE-SB,usae2sint05,Windows,Yes
Sub-MoogComm-Corp-Analytics-UK-NonProd,RG-GBAZ1-Analytics-Synapse-Integration-Runtime-NP,gbaz1nint01,Windows,Yes
Sub-MoogComm-Corp-Analytics-UK-NonProd,RG-GBAZ1-Analytics-Synapse-Integration-Runtime-NP,gbaz1nint02,Windows,Yes
Sub-MoogComm-Corp-Analytics-UK-NonProd,RG-GBAZ1-Analytics-Synapse-Integration-Runtime-NP,gbaz1nint03,Windows,Yes
Subscription-Moog-Commercial-Dev/Test,RG-GBAZ1-APPDEV-DEV,IGAppdevDEV1,Windows,Yes
Subscription-Moog-Commercial-Dev/Test,RG-USAZ2-Americas-MoogWebContent,usaz2svmwapp03,Windows,Yes
Subscription-Moog-Commercial-Dev/Test,RG-USAZ2-Dev-DistApps,usaz2svdfgwdv01,Windows,Yes
Subscription-Moog-Commercial-Dev/Test,RG-USAZ2-Dev-DistApps,usaz2svhcmdv01,Windows,Yes
Subscription-Moog-Commercial-Dev/Test,RG-USAZ2-DEV-IDM,usaz2svidmd01,Windows,Yes
Subscription-Moog-Commercial-Dev/Test,RG-USAZ2-DEV-RPA,USAZ2SVUIORCD01,Windows,No
Subscription-Moog-Commercial-Dev/Test,RG-USAZ2-DEV-RPA,USAZ2SVUIWKSD01,Windows,Yes
Subscription-Moog-Commercial-Dev/Test,RG-USAZ2-DEV-RPA,USAZ2SVUIWKSD02,Windows,Yes
Subscription-Moog-Commercial-Dev/Test,RG-USAZ2-DEV-RPA,USAZ2SVUIWKSD03,Windows,Yes
Subscription-Moog-Commercial-Dev/Test,RG-USAZ2-DEV-RPA,USAZ2SVUIWKSD04,Windows,Yes
Subscription-Moog-Commercial-Dev/Test,RG-USAZ2-DEV-RPA,USAZ2SVUIWKSD05,Windows,No
Subscription-Moog-Commercial-Dev/Test,RG-USAZ2-DEV-RPA,USAZ2SVUIWKSD06,Windows,Yes
Subscription-Moog-Commercial-Dev/Test,RG-USAZ2-DEV-RPA,USAZ2SVUIWKSD07,Windows,Yes
Subscription-Moog-Commercial-Dev/Test,RG-USAZ2-AutoTime-2-Application-Dev,usaz2svd2atweb01,Linux,Yes
Subscription-Moog-Commercial-Dev/Test,RG-USAZ2-AutoTime-2-Services-Dev,usaz2svd2atsvc01,Linux,Yes
Subscription-Moog-Commercial-Dev/Test,RG-USAZ2-AutoTime-2-WebClock-Dev,usaz2svd2atwebclk01,Linux,Yes
Subscription-Moog-Commercial-Dev/Test,RG-USAZ2-AutoTime-2-Keycloak-Dev,usaz2svd2atkc01,Linux,Yes
Subscription-Moog-Commercial-Dev/Test,RG-USAZ2-AutoTime-2-DataFactory-Dev,usaz2d2atadf01,Windows,Yes
Subscription-Moog-Commercial-Dev/Test,RG-USAZ2-AutoTime-2-WebClock-QA,usaz2svq2atwebclk01,Linux,Yes
Subscription-Moog-Commercial-Dev/Test,RG-USAZ2-AutoTime-2-Services-QA,usaz2svq2atsvc01,Linux,Yes
Subscription-Moog-Commercial-Dev/Test,RG-USAZ2-AutoTime-2-Application-QA,usaz2svq2atweb01,Linux,Yes
Subscription-Moog-Commercial-Dev/Test,RG-USAZ2-AutoTime-2-Keycloak-QA,usaz2svq2atkc01,Linux,Yes
Subscription-Moog-Commercial-Dev/Test,RG-USAZ2-AutoTime-2-DataFactory-QA,usaz2q2atadf01,Windows,Yes
Subscription-Moog-Commercial-Dev/Test,RG-USAZ2-Automic-Engine-Test,usaz2xautapp01,Linux,No
Subscription-Moog-Commercial-Dev/Test,RG-USAZ2-POC-ADBRIDGE-TESTING-NP,usaz2nadb01,Linux,No
Subscription-Moog-Commercial-Dev/Test,RG-USAE2-AutoTime-DataFactory-QA,usae2svqatadf01,Windows,Yes
Subscription-Moog-Commercial-Dev/Test,RG-USAE2-AutoTime-DataFactory-QA,usae2svqatadf02,Windows,Yes
Subscription-Moog-Commercial-Dev/Test,RG-USAE2-Core-Security-Storage-NP,BeyondTrust-br.v.2,Linux,No
Subscription-Moog-Commercial-Dev/Test,RG-USAE2-Core-Security-Storage-NP,beyondtrustrs01,Linux,Yes
Subscription-Moog-Commercial-Dev/Test,RG-USAE2-Core-Security-Storage-NP,beyondtrustrs02,Linux,Yes
Subscription-Moog-Commercial-Dev/Test,RG-USAZ2-ESAR-DEV,USAZ2SVESARD01,Windows,Yes
Subscription-Moog-Commercial-Dev/Test,RG-USAZ2-On-Prem-Data_Gateway,USAZ2SVOPDGWD01,Windows,Yes
Subscription-Moog-Commercial-Dev/Test,RG-USAZ2-AzureDataFactory-Sandbox,USAZ2SVSADFIDE1,Windows,Yes
Subscription-Moog-Commercial-Dev/Test,RG-USAZ2-AirCraftCommandCenter-Sandbox,USAZ2SVSSYNIR01,Windows,No
Subscription-Moog-Commercial-Dev/Test,RG-USAZ2-AutoTime-Services-QA,usaz2svqatsvc01,Linux,Yes
Subscription-Moog-Commercial-Dev/Test,RG-USAZ2-AutoTime-Services-QA,usaz2svqatsvc02,Linux,Yes
Subscription-Moog-Commercial-Dev/Test,RG-USAZ2-AutoTime-Application-QA,usaz2svqatweb01,Linux,Yes
Subscription-Moog-Commercial-Dev/Test,RG-USAZ2-AutoTime-Application-QA,usaz2svqatweb02,Linux,Yes
Subscription-Moog-Commercial-Dev/Test,RG-USAZ2-AutoTime-WebClock-QA,usaz2svqatwebclk01,Linux,Yes
Subscription-Moog-Commercial-Dev/Test,RG-USAZ2-AutoTime-WebClock-QA,usaz2svqatwebclk02,Linux,Yes
Subscription-Moog-Commercial-Dev/Test,RG-USAZ2-AutoTime-DataFactory-QA,usaz2svqatadf01,Windows,Yes
Subscription-Moog-Commercial-Dev/Test,RG-USAZ2-AutoTime-DataFactory-QA,usaz2svqatadf02,Windows,Yes
Subscription-Moog-Commercial-Dev/Test,RG-USAZ2-AutoTime-DataFactory-Dev,usaz2svdatadf01,Windows,Yes
Subscription-Moog-Commercial-Dev/Test,RG-USAZ2-AutoTime-Services-Dev,usaz2svdatsvc01,Linux,No
Subscription-Moog-Commercial-Dev/Test,RG-USAZ2-AutoTime-Application-Dev,usaz2svdatweb01,Linux,Yes
Subscription-Moog-Commercial-Dev/Test,RG-USAZ2-AutoTime-Keycloak-Dev,usaz2svdatkc01,Linux,No
Subscription-Moog-Commercial-Dev/Test,RG-USAZ2-AutoTime-Keycloak-QA,usaz2svqatkc01,Linux,Yes
Subscription-Moog-Commercial-Dev/Test,RG-USAZ2-AutoTime-Keycloak-QA,usaz2svqatkc02,Linux,Yes
Subscription-Moog-Commercial-Dev/Test,RG-USAZ2-AutoTime-Keycloak-SB,usaz2svsatkc01,Linux,Yes
Subscription-Moog-Commercial-Dev/Test,RG-USAZ2-AutoTime-Keycloak-SB,usaz2svsatkc02,Linux,Yes
Subscription-Moog-Commercial-Dev/Test,RG-USAZ2-AutoTime-Application-SB,usaz2svsatweb01,Linux,Yes
Subscription-Moog-Commercial-Dev/Test,RG-USAZ2-AutoTime-Application-SB,usaz2svsatweb02,Linux,Yes
Subscription-Moog-Commercial-Dev/Test,RG-USAZ2-AutoTime-Application-SB,usaz2svsatweb03,Linux,Yes
Subscription-Moog-Commercial-Dev/Test,RG-USAZ2-AutoTime-WebClock-Dev,usaz2svdatwebclk01,Linux,Yes
Subscription-Moog-Commercial-Dev/Test,RG-USAZ2-Corporate-Xerox-Workplace-App-NP,usaz2nxws01,Windows,Yes
Subscription-Moog-Commercial-Dev/Test,RG-USAZ2-Corporate-Xerox-Workplace-Printserver-NP,usaz2nxwsps01,Windows,Yes
Subscription-Moog-Commercial-Dev/Test,RG-Alex-Test,testvm,Windows,No
Subscription-Moog-Commercial-Dev/Test,RG-USAE2-Dashboard-CostaRica-Dev,usae2ddashcr01,Windows,Yes
Subscription-Moog-Commercial-Dev/Test,RG-USAE2-LN-DFRuntime-Dev,usae2dlndfrt01,Windows,Yes
Subscription-Moog-Commercial-Dev/Test,RG-USAE2-LN-Badge-Dev,usae2dbadge01,Windows,Yes
Subscription-Moog-Commercial-Dev/Test,RG-USAE2-LN-inthub-Dev,usae2dinthub01,Windows,Yes
Subscription-Moog-Commercial-Dev/Test,RG-USAE2-LN-DFRuntime-Test,usae2xlndfrt01,Windows,No
Subscription-Moog-Commercial-Dev/Test,RG-Moog-Shipexec-Dev,usaz2svshpexd01,Windows,Yes
Sub-MoogComm-Corp-Analytics-US-Prod,RG-USAE2-Analytics-IRE-MBS,usae2pint01,Windows,Yes
Sub-MoogComm-Corp-Analytics-US-Prod,RG-USAE2-Analytics-IRE-S4,usae2pint03,Windows,No
Sub-MoogComm-Corp-Analytics-US-Prod,RG-USAE2-Analytics-IRE-PURVIEW,usae2pint05,Windows,Yes
Sub-MoogComm-Corp-Analytics-US-Prod,RG-USAE2-Analytics-Power-BI-Gateway,usae2pprwbi01,Windows,Yes
Sub-MoogComm-Corp-Analytics-US-Prod,RG-USAE2-Analytics-Power-BI-Gateway,usae2pprwbi02,Windows,Yes
Sub-MoogComm-Corp-Analytics-US-Prod,RG-USAE2-Analytics-EDW-01,usae2pedw01,Windows,Yes
Sub-MoogComm-Corp-Analytics-US-Prod,RG-USAE2-Analytics-EDW-01,usae2pedw02,Windows,Yes
Sub-MoogComm-Corp-Analytics-US-Prod,RG-USAE2-Analytics-EDW-03,usae2pedw03,Windows,Yes
Sub-MoogComm-Corp-Analytics-US-Prod,RG-USAE2-Analytics-EDW-03,usae2pedw04,Windows,Yes
Sub-MoogComm-Corp-Analytics-US-Prod,RG-USAE2-Analytics-EDW-05,usae2pedw05,Windows,Yes
Sub-MoogComm-Corp-Analytics-US-Prod,RG-USAE2-Analytics-EDW-05,usae2pedw06,Windows,Yes
Sub-MoogComm-Corp-Analytics-US-Prod,RG-USAE2-Workday-Inthub-Prod,usae2pinthub01,Windows,No
Sub-MoogComm-Corp-Analytics-US-Prod,RG-USAE2-Workday-Inthub-Prod,usae2pinthub02,Windows,No
Sub-MoogComm-Corp-Analytics-US-Prod,RG-USAZ2-Workday-Inthub-Prod,usaz2pinthub01,Windows,No
Moog-Azure-IaaS,RG-CAAZ1-Network,CAAZ1SV-VCE01,Linux,Yes
Moog-Azure-IaaS,RG-CAAZ1-Network,CAAZ1SVVCEJMP01,Windows,Yes
Moog-Azure-IaaS,RG-CAAZ1-Veeam,CAAZ1SVVLP01,Windows,Yes
Moog-Azure-IaaS,RG-Moog-Shipexec-Prod,usaz2svshpexp01,Windows,Yes
Moog-Azure-IaaS,RG-Moog-Americas-IndySoftware,usae2svindysoft,Windows,Yes
Moog-Azure-IaaS,RG-Moog-Americas-Tibco,usae2svtibd01,Windows,Yes
Moog-Azure-IaaS,RG-USAE2-OpenDNS,USAE2SVODVA01,Linux,No
Moog-Azure-IaaS,RG-USAE2-OpenDNS,USAE2SVODVA02,Linux,No
Moog-Azure-IaaS,RG-IEAZ1-Network,IEAZ1SV-VCE01,Linux,Yes
Moog-Azure-IaaS,RG-IEAZ1-Network,IEAZ1SVVCEJMP01,Windows,Yes
Moog-Azure-IaaS,RG-AUAZ1-NETWORK,AUAZ1SV-VCE01,Linux,Yes
Moog-Azure-IaaS,RG-AUAZ1-NETWORK,AUAZ1SVVCEJMP01,Windows,Yes
Moog-Azure-IaaS,RG-AUAZ1-VEEAM,AUAZ1SVVLP01,Windows,Yes
Moog-Azure-IaaS,RG-GBAZ1-Horizons,gbaz1svHORIZ01,Windows,No
Moog-Azure-IaaS,RG-USAE2-PRD-MDGDashboard,cral1svapplx1,Linux,Yes
Moog-Azure-IaaS,RG-NLAW2-PRD-MDGSolidworks,NLAW2SVMDGPDM01,Windows,Yes
Moog-Azure-IaaS,RG-USAE2-PRD-MDGWebApache,USAE2SVMDGWEB03,Windows,Yes
Moog-Azure-IaaS,RG-USAE2-PRD-MDGSharedApps,cral1svmailapp1,Windows,Yes
Moog-Azure-IaaS,RG-USAE2-PRD-MDGSharedApps,slmsfwebtst,Windows,No
Moog-Azure-IaaS,RG-USAE2-PRD-MDGSharedApps,USAE2SVMDGAPP01,Windows,Yes
Moog-Azure-IaaS,RG-USAE2-PRD-MDGCRTime,USAE2SVMDGTAA01,Windows,Yes
Moog-Azure-IaaS,RG-GBAZ1-Veeam,GBAZ1SVPVBOM01,Windows,No
Moog-Azure-IaaS,RG-GBAZ1-Veeam,GBAZ1SVVBOP01,Windows,Yes
Moog-Azure-IaaS,RG-GBAZ1-Veeam,GBAZ1SVVBOP02,Windows,Yes
Moog-Azure-IaaS,RG-Moog-Americas-Directory,USAE2SVCORPDC01,Windows,No
Moog-Azure-IaaS,RG-Moog-Americas-Directory,USAE2SVMOOGADDV,Windows,Yes
Moog-Azure-IaaS,RG-Moog-Americas-Directory,usae2svpcaasdc1,Windows,Yes
Moog-Azure-IaaS,RG-Moog-Americas-Directory,USAE2WAP03,Windows,Yes
Moog-Azure-IaaS,RG-Moog-Americas-Directory,USAE2WAP04,Windows,Yes
Moog-Azure-IaaS,RG-Moog-Americas-Directory,USAzureADDS01,Windows,No
Moog-Azure-IaaS,RG-Moog-Americas-Directory,USAzureADDS02,Windows,Yes
Moog-Azure-IaaS,RG-Moog-Americas-Directory,USAzureADFS03,Windows,Yes
Moog-Azure-IaaS,RG-Moog-Americas-Directory,USAzureADFS04,Windows,Yes
Moog-Azure-IaaS,RG-Moog-Americas-Directory,USAzureAUDC01,Windows,No
Moog-Azure-IaaS,RG-Moog-Americas-Directory,USAzureBRDC01,Windows,Yes
Moog-Azure-IaaS,RG-Moog-Americas-Directory,USAzureCHIDC01,Windows,No
Moog-Azure-IaaS,RG-Moog-Americas-Directory,USAzureCHTDC01,Windows,No
Moog-Azure-IaaS,RG-Moog-Americas-Directory,USAzureCNDC01,Windows,Yes
Moog-Azure-IaaS,RG-Moog-Americas-Directory,USAzureCORPDVDC,Windows,Yes
Moog-Azure-IaaS,RG-Moog-Americas-Directory,USAzureDEDC01,Windows,Yes
Moog-Azure-IaaS,RG-Moog-Americas-Directory,USAzureIEDC01,Windows,Yes
Moog-Azure-IaaS,RG-Moog-Americas-Directory,USAzureINDC01,Windows,Yes
Moog-Azure-IaaS,RG-Moog-Americas-Directory,USAzureITDC01,Windows,No
Moog-Azure-IaaS,RG-Moog-Americas-Directory,USAzureJPDC01,Windows,Yes
Moog-Azure-IaaS,RG-Moog-Americas-Directory,USAzureKRDC01,Windows,No
Moog-Azure-IaaS,RG-Moog-Americas-Directory,USAZURELPSAD01,Windows,No
Moog-Azure-IaaS,RG-Moog-Americas-Directory,USAzureLPSDEV01,Windows,Yes
Moog-Azure-IaaS,RG-Moog-Americas-Directory,USAzureLUDC01,Windows,Yes
Moog-Azure-IaaS,RG-Moog-Americas-Directory,USAzureMFA01,Windows,Yes
Moog-Azure-IaaS,RG-Moog-Americas-Directory,USAzureMFA02,Windows,Yes
Moog-Azure-IaaS,RG-Moog-Americas-Directory,USAzureMIM01,Windows,Yes
Moog-Azure-IaaS,RG-Moog-Americas-Directory,USAzureMINCDVDC,Windows,Yes
Moog-Azure-IaaS,RG-Moog-Americas-Directory,USAzureMOOGDC01,Windows,Yes
Moog-Azure-IaaS,RG-Moog-Americas-Directory,USAzureNLDC01,Windows,No
Moog-Azure-IaaS,RG-Moog-Americas-Directory,USAzureORRDC01,Windows,No
Moog-Azure-IaaS,RG-Moog-Americas-Directory,USAzurePHDC01,Windows,No
Moog-Azure-IaaS,RG-Moog-Americas-Directory,USAzureSGDC01,Windows,Yes
Moog-Azure-IaaS,RG-Moog-Americas-Directory,USAzureSLCDC01,Windows,Yes
Moog-Azure-IaaS,RG-Moog-Americas-Directory,USAZURESLMDC01,Windows,Yes
Moog-Azure-IaaS,RG-Moog-Americas-Directory,USAzureTORDC01,Windows,Yes
Moog-Azure-IaaS,RG-Moog-Americas-Directory,USAzureUKDC01,Windows,Yes
Moog-Azure-IaaS,RG-Moog-Americas-HR,USAzureHRApp01,Windows,Yes
Moog-Azure-IaaS,RG-Moog-Americas-iWIN,USAzureAPERIO01,Windows,Yes
Moog-Azure-IaaS,RG-Moog-Americas-Lansweeper,USAzureLSWP03,Windows,Yes
Moog-Azure-IaaS,RG-Moog-Americas-Lansweeper,USAzureLSWP04,Windows,Yes
Moog-Azure-IaaS,RG-Moog-Americas-LogRhythm-NGDC,USAE2LRNGDC1,Linux,No
Moog-Azure-IaaS,RG-Moog-Americas-LogRhythm-NGDC,USAE2LRNGDC2,Linux,Yes
Moog-Azure-IaaS,RG-Moog-Americas-LogRhythm-NGDC,USAE2LRNGDC3,Linux,Yes
Moog-Azure-IaaS,RG-Moog-Americas-MIMProd,USAzurePMIMDW1,Windows,Yes
Moog-Azure-IaaS,RG-Moog-Americas-MIMProd,USAzurePMIMSP1,Windows,Yes
Moog-Azure-IaaS,RG-Moog-Americas-MIMProd,USAzurePMIMSyn1,Windows,Yes
Moog-Azure-IaaS,RG-Moog-Americas-MIMProd,USAzurePMIMSyn2-r,Windows,Yes
Moog-Azure-IaaS,RG-Moog-Americas-LogRhythm,USAzureLRAIE01,Windows,Yes
Moog-Azure-IaaS,RG-Moog-Americas-LogRhythm,USAzureLRDC01,Windows,Yes
Moog-Azure-IaaS,RG-Moog-Americas-LogRhythm,usazurelrdc02,Windows,Yes
Moog-Azure-IaaS,RG-Moog-Americas-LogRhythm,USAZURELRDC03,Windows,Yes
Moog-Azure-IaaS,RG-Moog-Americas-LogRhythm,USAzureLRDP01,Windows,Yes
Moog-Azure-IaaS,RG-Moog-Americas-LogRhythm,USAzureLRDP02,Windows,Yes
Moog-Azure-IaaS,RG-Moog-Americas-LogRhythm,USAZURELRDX05,Linux,Yes
Moog-Azure-IaaS,RG-Moog-Americas-LogRhythm,USAzureLRJUMP01,Windows,Yes
Moog-Azure-IaaS,RG-Moog-Americas-LogRhythm,USAzureLRMET01,Linux,Yes
Moog-Azure-IaaS,RG-Moog-Americas-LogRhythm,USAzureLRPM01,Windows,Yes
Moog-Azure-IaaS,RG-Moog-Americas-LogRhythm,USAzureLRWUI01,Windows,Yes
Moog-Azure-IaaS,RG-Moog-Americas-LogRhythm,USAZURELRWUI02,Windows,Yes
Moog-Azure-IaaS,RG-Moog-Americas-MIMDev,USAzureDMIMDC,Windows,Yes
Moog-Azure-IaaS,RG-Moog-Americas-MIMDev,USAzureDMIMSvr1,Windows,Yes
Moog-Azure-IaaS,RG-Moog-Americas-MIMStaging,USAzureSMIMSP1,Windows,Yes
Moog-Azure-IaaS,RG-Moog-Americas-MIMStaging,USAzureSMIMSyn1,Windows,Yes
Moog-Azure-IaaS,RG-Moog-Americas-MoogWebContent,USAzureMWApp01,Windows,Yes
Moog-Azure-IaaS,RG-Moog-Americas-RDSFarm,USAzureRDBrkr01,Windows,Yes
Moog-Azure-IaaS,RG-Moog-Americas-RDSFarm,USAzureRDBrkr02,Windows,Yes
Moog-Azure-IaaS,RG-Moog-Americas-RDSFarm,USAzureRDSess01,Windows,Yes
Moog-Azure-IaaS,RG-Moog-Americas-RDSFarm,USAzureRDSess02,Windows,Yes
Moog-Azure-IaaS,RG-Moog-Americas-RDSFarm,USAZURERDUPD01,Windows,No
Moog-Azure-IaaS,RG-Moog-Americas-RDSFarm,USAZURERDUPD02,Windows,No
Moog-Azure-IaaS,RG-Moog-Americas-RDSFarm,USAzureRDWeb01,Windows,Yes
Moog-Azure-IaaS,RG-Moog-Americas-RDSFarm,USAzureRDWeb02,Windows,No
Moog-Azure-IaaS,RG-Moog-Americas-ServiceNow,USAE2SVDMIDSN01,Windows,Yes
Moog-Azure-IaaS,RG-Moog-Americas-ServiceNow,usae2svpmidsn01,Windows,Yes
Moog-Azure-IaaS,RG-Moog-Americas-SLMPro2,USAZURESLMPY1,Windows,Yes
Moog-Azure-IaaS,RG-Moog-Americas-SQLHA,USAzureSQL16FSW,Windows,Yes
Moog-Azure-IaaS,RG-Moog-Americas-SQLHA,USAzureSQL16P1,Windows,No
Moog-Azure-IaaS,RG-Moog-Americas-SQLHA,USAzureSQL16P2,Windows,No
Moog-Azure-IaaS,RG-Moog-Americas-SQLHA,USAZURESQL16P3,Windows,Yes
Moog-Azure-IaaS,RG-Moog-Americas-SquidProxy,USAE2PROXY01,Linux,Yes
Moog-Azure-IaaS,RG-Moog-Americas-SquidProxy,USAE2PROXY02,Linux,Yes
Moog-Azure-IaaS,RG-Moog-Americas-System,USAzureMCGPrint,Windows,No
Moog-Azure-IaaS,RG-Moog-Americas-TomCat,USAzureDEVTC01,Windows,Yes
Moog-Azure-IaaS,RG-Moog-Americas-UC4,usae2svtswf01,Windows,Yes
Moog-Azure-IaaS,RG-Moog-Americas-UC4,usae2svtswf02,Windows,Yes
Moog-Azure-IaaS,RG-Moog-Americas-Valtech,USAzureDEVVT1,Windows,Yes
Moog-Azure-IaaS,RG-Moog-Americas-VSTS,USAZUREBLDR01,Windows,Yes
Moog-Azure-IaaS,RG-Moog-SLMCustomerPortal,USAzureSLMCP1,Windows,Yes
Moog-Azure-IaaS,RG-Moog-SLMCustomerPortal,USAzureSLMCP2,Windows,Yes
Moog-Azure-IaaS,RG-NLAW2-Jenkins,NLAW2WKSQA,Windows,Yes
Moog-Azure-IaaS,RG-NLAW2-ServiceNOW,NLAW2SVDMIDSN01,Windows,Yes
Moog-Azure-IaaS,RG-NLAW2-ServiceNOW,NLAW2SVPMIDSN01,Windows,Yes
Moog-Azure-IaaS,RG-NLAW2-ServiceNOW,NLAW2SVPMIDSN02,Windows,No
Moog-Azure-IaaS,RG-NLAW2-ServiceNOW,NLAW2SVPMIDSN03,Windows,No
Moog-Azure-IaaS,RG-NLAW2-SLMDEV,NLAW2SVSLMDev1,Windows,Yes
Moog-Azure-IaaS,RG-NLAW2-Veeam,nlaw2svemeavbr1,Windows,Yes
Moog-Azure-IaaS,RG-NLAW2-Veeam,NLAW2SVPVBOM01,Windows,No
Moog-Azure-IaaS,RG-NLAW2-Veeam,nlaw2svvbop01,Windows,Yes
Moog-Azure-IaaS,RG-NLAW2-Veeam,nlaw2svvlp02,Windows,Yes
Moog-Azure-IaaS,RG-NLAW2-Veeam,nlaw2svvsql01,Windows,Yes
Moog-Azure-IaaS,RG-SGAZ1-Network,SGAZ1SV-VCE01,Linux,Yes
Moog-Azure-IaaS,RG-SGAZ1-Network,SGAZ1SVVCEJMP01,Windows,Yes
Moog-Azure-IaaS,RG-SGAZ1-ServiceNOW,SGAZ1SVDMIDSN01,Windows,Yes
Moog-Azure-IaaS,RG-SGAZ1-ServiceNOW,SGAZ1SVPMIDSN01,Windows,Yes
Moog-Azure-IaaS,RG-SGAZ1-ServiceNOW,SGAZ1SVPMIDSN02,Windows,No
Moog-Azure-IaaS,RG-SGAZ1-ServiceNOW,SGAZ1SVPMIDSN03,Windows,No
Moog-Azure-IaaS,RG-SGAZ1-Veeam,sgaz1svapacvbr1,Windows,Yes
Moog-Azure-IaaS,RG-SGAZ1-Veeam,sgaz1svcnvbr1,Windows,Yes
Moog-Azure-IaaS,RG-SGAZ1-Veeam,SGAZ1SVPVBOM01,Windows,No
Moog-Azure-IaaS,RG-SGAZ1-Veeam,sgaz1svvbop01,Windows,Yes
Moog-Azure-IaaS,RG-SGAZ1-Veeam,sgaz1svvlp01,Windows,Yes
Moog-Azure-IaaS,RG-SGAZ1-Veeam,sgaz1svvsql01,Windows,Yes
Moog-Azure-IaaS,RG-USAE2-AAD_Connect,USAE2SVAADCON01,Windows,Yes
Moog-Azure-IaaS,RG-USAE2-AzureDataGateway,USAE2SVAZDGW01,Windows,Yes
Moog-Azure-IaaS,RG-USAE2-AzureDataGateway,USAE2SVAZDGW03,Windows,Yes
Moog-Azure-IaaS,RG-USAE2-AzureDataGateway,USAE2SVDGW02,Windows,Yes
Moog-Azure-IaaS,RG-USAE2-Aircraft_Command_Center_Analytics,USAE2SVCCADEV01,Windows,Yes
Moog-Azure-IaaS,RG-USAE2-Citrix,USAE2SVCITXFL01,Windows,Yes
Moog-Azure-IaaS,RG-USAE2-Certificate_Services,USAE2SVCESCEP1,Windows,Yes
Moog-Azure-IaaS,RG-USAE2-HCM,USAE2SVHCM01,Windows,Yes
Moog-Azure-IaaS,RG-USAE2-HCM,USAZUREHCM02,Windows,Yes
Moog-Azure-IaaS,RG-USAE2-NameSpace-CORP,USAE2SVDFS01,Windows,Yes
Moog-Azure-IaaS,RG-USAE2-OnBase,USAE2SVOBDV01,Windows,Yes
Moog-Azure-IaaS,RG-USAE2-OnBase,usae2svobfs01,Windows,Yes
Moog-Azure-IaaS,RG-USAE2-OnBase,usae2svobrs01,Windows,Yes
Moog-Azure-IaaS,RG-USAE2-OnBase,usae2svobws01,Windows,Yes
Moog-Azure-IaaS,RG-USAE2-SFTP,usae2psftp01,Linux,No
Moog-Azure-IaaS,RG-USAE2-SFTP,usae2svsftp01,Linux,No
Moog-Azure-IaaS,RG-USAE2-PRD-MDGSharedSQL,cral1svsql01v,Windows,No
Moog-Azure-IaaS,RG-USAE2-XDM,USAzureXDM01,Windows,No
Moog-Azure-IaaS,RG-USAE2-Veeam,USAE2SVVBOM01,Windows,Yes
Moog-Azure-IaaS,RG-USAE2-Veeam,USAE2SVVONE01,Windows,Yes
Moog-Azure-IaaS,RG-USAZ2-Directory,usaz2svpcaasdc1,Windows,Yes
Moog-Azure-IaaS,RG-USAZ2-NDES,USAzureNDES,Windows,No
Moog-Azure-IaaS,RG-USEA2-AzureMigrationASP,usae2svaspdv1,Windows,Yes
Moog-Azure-IaaS,RG-USEA2-AzureMigrationASP,usae2svaspp01,Windows,Yes
Moog-Azure-IaaS,RG-USEA2-AzureMigrationASP,usae2svaspqa1,Windows,Yes
Moog-Azure-IaaS,RG-USAE2-PRD-MDGDW,slmdw2,Windows,Yes
Moog-Azure-IaaS,RG-USAE2-MBS-Gateway,USAE2SVSAPPGW01,Windows,No
Moog-Azure-IaaS,RG-USAE2-MBS-Gateway,USAE2SVSAPPGW02,Windows,No
Moog-Azure-IaaS,RG-USAE2-MBS-Gateway,USAE2SVSAPQGW01,Windows,No
Moog-Azure-IaaS,RG-GBAZ1-Luton-ERP-WINMAN,GBAZ1SVLTNSQL01,Windows,Yes
Moog-Azure-IaaS,RG-GBAZ1-IndySoft,GBAZ1SVINDYSP01,Windows,Yes
Moog-Azure-IaaS,RG-GBAZ1-POWERBI-REPORT-NP,GBAZ1SVNPPBIR01,Windows,No
Moog-Azure-IaaS,RG-GBAZ1-POWERBI-REPORT-NP,GBAZ1SVNPPBIR02,Windows,No
Moog-Azure-IaaS,RG-GBAZ1-Directory,GBAZ1SVPSAPIG01,Windows,No
Moog-Azure-IaaS,RG-GBAZ1-Corp-ISOMA-Application,gbaz1pisoma01,Windows,Yes
Moog-Azure-IaaS,RG-CAAZ1-Veeam-Backup-Storage-Proxy,caaz1plivlr01,Linux,No
Moog-Azure-IaaS,RG-CAAZ1-SAP-OTAC-SQL,caaz1potacsql01,Windows,No
Moog-Azure-IaaS,RG-CAAZ1-SAP-OTAC-SQL-Test,caaz1xotacsql01,Windows,Yes
Moog-Azure-IaaS,RG-CAAZ1-IGSAP-OpenText-ArchiveCenter,caaz1pxecm01,Windows,Yes
Moog-Azure-IaaS,RG-CAAZ1-IGSAP-OpenText-ArchiveCenter-Test,caaz1xxecm01,Windows,Yes
Moog-Azure-IaaS,RG-USAE2-TIBCO_SPOTFIRE-DEV,USAE2SVTIBCOD01,Windows,Yes
Moog-Azure-IaaS,RG-USAE2-ESAR-PROD,USAE2SVESARP01,Windows,Yes
Moog-Azure-IaaS,RG-USAE2-Onestream-DEV,USAE2SVOSCOND01,Windows,No
Moog-Azure-IaaS,RG-USAE2-Onestream-DEV,USAE2SVOSFSD01,Windows,No
Moog-Azure-IaaS,RG-USAE2-Onestream-DEV,USAE2SVOSGSD01,Windows,No
Moog-Azure-IaaS,RG-USAE2-Onestream-DEV,USAE2SVOSRSD01,Windows,No
Moog-Azure-IaaS,RG-USAE2-Onestream-DEV,USAE2SVOSWEBD01,Windows,No
Moog-Azure-IaaS,RG-USAE2-ReACT-Prod,USAE2SVREACTP01,Windows,Yes
Moog-Azure-IaaS,RG-USAE2-Security-Hybrid_Worker-Prod,USAE2SVSHYBWP01,Windows,Yes
Moog-Azure-IaaS,RG-USAE2-LCD-DEMO,USAE2SVTDEMO01,Windows,No
Moog-Azure-IaaS,RG-USAE2-UiPathOrchestrator-Prod,USAE2SVUIBEDP01,Windows,No
Moog-Azure-IaaS,RG-USAE2-UiPathOrchestrator-Prod,USAE2SVUIBOTP01,Windows,No
Moog-Azure-IaaS,RG-USAE2-UiPathOrchestrator-Prod,USAE2SVUIBOTP02,Windows,No
Moog-Azure-IaaS,RG-USAE2-UiPathOrchestrator-Prod,USAE2SVUIBOTP03,Windows,No
Moog-Azure-IaaS,RG-USAE2-UiPathOrchestrator-Prod,USAE2SVUIBOTP04,Windows,No
Moog-Azure-IaaS,RG-USAE2-UiPathOrchestrator-Prod,USAE2SVUIOESP01,Windows,No
Moog-Azure-IaaS,RG-USAE2-UiPathOrchestrator-Prod,USAE2SVUIORWP01,Windows,No
Moog-Azure-IaaS,RG-USAE2-SCCM-Prod,USAE2SVSCCMDP01,Windows,No
Moog-Azure-IaaS,RG-USAE2-Onestream-QA,USAE2SVOSFSQ01,Windows,No
Moog-Azure-IaaS,RG-USAE2-Onestream-QA,USAE2SVQOSCON01,Windows,Yes
Moog-Azure-IaaS,RG-USAE2-Onestream-QA,USAE2SVQOSCON02,Windows,No
Moog-Azure-IaaS,RG-USAE2-Onestream-QA,USAE2SVQOSCON03,Windows,No
Moog-Azure-IaaS,RG-USAE2-Onestream-QA,USAE2SVQOSCON04,Windows,No
Moog-Azure-IaaS,RG-USAE2-Onestream-QA,USAE2SVQOSGS01,Windows,No
Moog-Azure-IaaS,RG-USAE2-Onestream-QA,USAE2SVQOSGS02,Windows,No
Moog-Azure-IaaS,RG-USAE2-Onestream-QA,USAE2SVQOSGS03,Windows,No
Moog-Azure-IaaS,RG-USAE2-Onestream-QA,USAE2SVQOSGS04,Windows,No
Moog-Azure-IaaS,RG-USAE2-Onestream-QA,USAE2SVQOSRS01,Windows,No
Moog-Azure-IaaS,RG-USAE2-Onestream-QA,USAE2SVQOSRS02,Windows,No
Moog-Azure-IaaS,RG-USAE2-Onestream-QA,USAE2SVQOSRS03,Windows,No
Moog-Azure-IaaS,RG-USAE2-Onestream-QA,USAE2SVQOSRS04,Windows,No
Moog-Azure-IaaS,RG-USAE2-Onestream-QA,USAE2SVQOSWEB01,Windows,No
Moog-Azure-IaaS,RG-USAE2-Onestream-QA,USAE2SVQOSWEB02,Windows,No
Moog-Azure-IaaS,RG-USAE2-Onestream-QA,USAE2SVQOSWEB03,Windows,No
Moog-Azure-IaaS,RG-USAE2-Onestream-QA,USAE2SVQOSWEB04,Windows,No
Moog-Azure-IaaS,RG-USAE2-FloorPlanMapper-Prod,USAE2SVFPMAPP01,Windows,No
Moog-Azure-IaaS,RG-USAE2-CIMCO-Test,USAE2SVTCIMCO01,Windows,No
Moog-Azure-IaaS,RG-USAE2-AutoTime-Services,usae2svpatsvc01,Linux,Yes
Moog-Azure-IaaS,RG-USAE2-AutoTime-Services,usae2svpatsvc02,Linux,Yes
Moog-Azure-IaaS,RG-USAE2-AutoTime-WebClock,usae2svpatwebclk01,Linux,Yes
Moog-Azure-IaaS,RG-USAE2-AutoTime-WebClock,usae2svpatwebclk02,Linux,Yes
Moog-Azure-IaaS,RG-USAE2-AutoTime-DataFactory,usae2svpatadf01,Windows,Yes
Moog-Azure-IaaS,RG-USAE2-AutoTime-DataFactory,usae2svpatadf02,Windows,Yes
Moog-Azure-IaaS,RG-USAE2-OneStream-Prod,USAE2SVPOSCON01,Windows,No
Moog-Azure-IaaS,RG-USAE2-OneStream-Prod,USAE2SVPOSCON02,Windows,No
Moog-Azure-IaaS,RG-USAE2-OneStream-Prod,USAE2SVPOSCON03,Windows,No
Moog-Azure-IaaS,RG-USAE2-OneStream-Prod,USAE2SVPOSCON04,Windows,No
Moog-Azure-IaaS,RG-USAE2-OneStream-Prod,USAE2SVPOSFS01,Windows,No
Moog-Azure-IaaS,RG-USAE2-OneStream-Prod,USAE2SVPOSGS01,Windows,No
Moog-Azure-IaaS,RG-USAE2-OneStream-Prod,USAE2SVPOSGS02,Windows,No
Moog-Azure-IaaS,RG-USAE2-OneStream-Prod,USAE2SVPOSGS03,Windows,No
Moog-Azure-IaaS,RG-USAE2-OneStream-Prod,USAE2SVPOSGS04,Windows,No
Moog-Azure-IaaS,RG-USAE2-OneStream-Prod,USAE2SVPOSRS01,Windows,No
Moog-Azure-IaaS,RG-USAE2-OneStream-Prod,USAE2SVPOSRS02,Windows,No
Moog-Azure-IaaS,RG-USAE2-OneStream-Prod,USAE2SVPOSRS03,Windows,No
Moog-Azure-IaaS,RG-USAE2-OneStream-Prod,USAE2SVPOSRS04,Windows,No
Moog-Azure-IaaS,RG-USAE2-OneStream-Prod,USAE2SVPOSWEB01,Windows,No
Moog-Azure-IaaS,RG-USAE2-OneStream-Prod,USAE2SVPOSWEB02,Windows,No
Moog-Azure-IaaS,RG-USAE2-OneStream-Prod,USAE2SVPOSWEB03,Windows,No
Moog-Azure-IaaS,RG-USAE2-OneStream-Prod,USAE2SVPOSWEB04,Windows,No
Moog-Azure-IaaS,RG-USAE2-AutoTime-Application,usae2svpatweb01,Linux,No
Moog-Azure-IaaS,RG-USAE2-AutoTime-Application,usae2svpatweb02,Linux,Yes
Moog-Azure-IaaS,RG-USAE2-AutoTime-Keycloak,usae2svpatkc01,Linux,Yes
Moog-Azure-IaaS,RG-USAE2-AutoTime-Keycloak,usae2svpatkc02,Linux,Yes
Moog-Azure-IaaS,RG-USAE2-Okta-ADAgent,USAE2SVPOKTAD01,Windows,No
Moog-Azure-IaaS,RG-USAE2-Vaisala-viewLinc,USAE2SVPVLINC01,Windows,No
Moog-Azure-IaaS,RG-USAE2-PaloAlto-UserIDAgent,USAE2SVPPAUID01,Windows,No
Moog-Azure-IaaS,RG-USAE2-PaloAlto-UserIDAgent,USAE2SVPPAUID02,Windows,No
Moog-Azure-IaaS,RG-USAE2-WS1-SEG,USAE2SVPWS1EG01,Windows,Yes
Moog-Azure-IaaS,RG-USAE2-WS1-SEG,USAE2SVPWS1EG02,Windows,No
Moog-Azure-IaaS,RG-USAE2-WS1-SEG,USAE2SVPWS1EG03,Windows,No
Moog-Azure-IaaS,RG-USAE2-WS1-SEG,USAE2SVPWS1EG04,Windows,No
Moog-Azure-IaaS,RG-USAE2-Security-BeyondTrust-Remote-Support,usae2svpbtrs01,Linux,Yes
Moog-Azure-IaaS,RG-USAE2-Security-BeyondTrust-Remote-Support,usae2svpbtrs02,Linux,Yes
Moog-Azure-IaaS,RG-USAE2-Security-BeyondTrust-Management,usae2psecbtmt01,Windows,Yes
Moog-Azure-IaaS,RG-USAE2-AZSyn-Dev,USAE2SVDAZSYN01,Windows,No
Moog-Azure-IaaS,RG-USAE2-Directory,USAE2SVPSAPIG01,Windows,No
Moog-Azure-IaaS,RG-USAE2-SERVICENOW,USAE2SVPMDSN01,Windows,No
Moog-Azure-IaaS,RG-USAE2-SERVICENOW,USAE2SVPMDSN02,Windows,No
Moog-Azure-IaaS,RG-USAE2-Corporate-Xerox,usae2pxdm01,Windows,Yes
Moog-Azure-IaaS,RG-USAE2-DevOps-DevOps-Agent,usae2svpazdo01,Linux,Yes
Moog-Azure-IaaS,RG-USAE2-Corporate-SharePoint2013-Migration,usae2psp01,Windows,Yes
Moog-Azure-IaaS,RG-USAE2-Corporate-SharePoint2013-Migration,usae2psp02,Windows,Yes
Moog-Azure-IaaS,RG-USAE2-Corporate-SQL2019-Dev,usae2d19sql01,Windows,Yes
Moog-Azure-IaaS,RG-USAE2-Corporate-SQL2019,usae2p19sql01,Windows,Yes
Moog-Azure-IaaS,RG-USAE2-Automic-Engine,usae2pautapp01,Linux,No
Moog-Azure-IaaS,RG-USAE2-Automic-Engine,usae2pautapp02,Linux,No
Moog-Azure-IaaS,RG-USAE2-Corp-LogRhythm-Data-Index,usae2plrdx06,Linux,No
Moog-Azure-IaaS,RG-USAE2-Corp-LogRhythm-Data-Index,usae2plrdx07,Linux,No
Moog-Azure-IaaS,RG-USAE2-Corp-LogRhythm-Data-Index,usae2plrdx08,Linux,No
Moog-Azure-IaaS,RG-USAE2-Corp-LogRhythm-Data-Index,usae2plrdx09,Linux,No
Moog-Azure-IaaS,RG-USAE2-Security-CA-Issuing-Server,usae2pcrtath01,Windows,Yes
Moog-Azure-IaaS,RG-USAE2-Corporate-PrintSystem-CostaRica,usae2pprntsys01,Windows,Yes
Moog-Azure-IaaS,RG-USAE2-Security-Nexpose-Rapid7,usae2pnexpose01,Linux,Yes
Moog-Azure-IaaS,RG-USAE2-SLM-Pro2-Prod,usae2pslmpro01,Windows,No
Moog-Azure-IaaS,RG-USAE2-Shared-WebApplication-Prod,usae2padfs07,Windows,No
Moog-Azure-IaaS,RG-USAE2-Shared-WebApplication-Prod,usae2padfs08,Windows,No
Moog-Azure-IaaS,RG-USAE2-LN-DFRuntime-Prod,usae2plndfrt01,Windows,No
Moog-Azure-IaaS,RG-USAE2-Identity-Corp-DC,USAE2SVCORPDC01,Windows,No
Moog-Azure-IaaS,RG-USAE2-Corp-SFTP,usae2psftp01,Linux,No
Moog-Azure-IaaS,RG-USAE2-Corporate-SFTPTest,usae2psftpnettest01,Linux,No
Moog-Azure-IaaS,RG-USAE2-Dynatrace-Dyna,usae2xdynatrc01,Windows,No
Moog-Azure-IaaS,RG-USAE2-Indysoft-App-Test,usae2xindysft01,Windows,No
Moog-Azure-IaaS,RG-USAE2-corp-slm-python-scripts-01,usae2svpscrpt01,Windows,No
Moog-Azure-IaaS,RG-USAE2-corp-slm-python-scripts-02,usae2svpslmpy01,Windows,No
Moog-Azure-IaaS,RG-USAE2-Veeam-SQL-Application,usae2svpvsql01,Windows,No
Moog-Azure-IaaS,RG-USAE2-Shared-MCGADF-Prod,usae2pmcgadf01,Windows,No
Moog-Azure-IaaS,RG-USAZ2-Onestream-QA,USAZ2SVOSFSQ01,Windows,No
Moog-Azure-IaaS,RG-USAZ2-Onestream-Prod,USAZ2SVPOSFS01,Windows,No
Moog-Azure-IaaS,RG-USAZ2-AutoTime-DataFactory,usaz2svpatadf01,Windows,Yes
Moog-Azure-IaaS,RG-USAZ2-AutoTime-DataFactory,usaz2svpatadf02,Windows,Yes
Moog-Azure-IaaS,RG-DEAZ1-Veeam-Backup-Storage-Proxy,deaz1plivlr01,Linux,Yes
Moog-Azure-IaaS,RG-NLAW2-Payroll-Nugget-Application,nlaw2pnugg01,Windows,Yes
Moog-Azure-IaaS,RG-DEAZ1-Security-Nexpose-Rapid7,deaz1pnexpose01,Linux,Yes
Moog-Azure-IaaS,RG-SGAZ1-Logrhythm,SGAZ1SVLRDC01,Windows,Yes
Moog-Azure-IaaS,RG-SGAZ1-Delta_Enteral_Pump-Dev,SGAZ1SVDEIPSD01,Windows,Yes
Moog-Azure-IaaS,RG-SGAZ1-Teamcenter-Prod,SGAZ1SVPTCVOL01,Windows,No
Moog-Azure-IaaS,RG-SGAZ1-PaloAlto-UserIDAgent,SGAZ1SVPPAUID01,Windows,No
Moog-Azure-IaaS,RG-SGAZ1-PaloAlto-UserIDAgent,SGAZ1SVPPAUID02,Windows,No
Moog-Azure-IaaS,RG-SGAZ1-Veeam-China,veeam-linux-helper-appliance-ht4xp,Linux,No
Moog-Azure-IaaS,RG-SGAZ1-LNSWP-APAC-PROD,SGAZ1SVPLSAPC01,Windows,No
Moog-Azure-IaaS,RG-SGAZ1-LNSWP-APAC-PROD,SGAZ1SVPLSAPC02,Windows,No
Moog-Azure-IaaS,RG-SGAZ1-Veeam-Backup-Storage-Proxy,sgaz1plivlr01,Linux,Yes
Moog-Azure-IaaS,RG-SGAZ1-SGSI1-DataCenter,sgsi1svfil01,Windows,Yes
Moog-Azure-IaaS,RG-AUAZ1-Veeam-Backup-Storage-Proxy,auaz1plivlr01,Linux,Yes
Moog-Azure-IaaS,RG-NLAW2-PaloAlto-UserIDAgent,NLAW2SVPPAUID01,Windows,No
Moog-Azure-IaaS,RG-NLAW2-PaloAlto-UserIDAgent,NLAW2SVPPAUID02,Windows,No
Moog-Azure-IaaS,RG-NLAW2-SLM-CURLIN,NLAW2SVPCURL801,Windows,No
Moog-Azure-IaaS,RG-NLAW2-SLM-CURLIN,NLAW2SVPCURL802,Windows,No
Moog-Azure-IaaS,RG-NLAW2-Veeam-Backup-Storage-Proxy,nlaw2plivlr01,Linux,Yes
Moog-Azure-IaaS,RG-NLAW2-LNSWP-EMEA-PROD,NLAW2SVPLSEMA01,Windows,No
Moog-Azure-IaaS,RG-NLAW2-LNSWP-EMEA-PROD,NLAW2SVPLSEMA02,Windows,No
Moog-Azure-IaaS,RG-NLAW2-IG-SharePoint-Migration,nlaw2psp01,Windows,No
Moog-Azure-IaaS,RG-NLAW2-Security-CA-Issuing-Server,nlaw2pcrtath01,Windows,Yes
Moog-Azure-IaaS,RG-NLAW2-IG-China-TestStand,nlaw2ptststnd01,Linux,Yes
Moog-Azure-IaaS,RG-NLAW2-IG-SLM-SQL2019,nlaw2pslmsql01,Windows,Yes
Moog-Azure-IaaS,veeam-auto-0550518f-5049-4cf4-a9c3-74ca749950cf,veeam-proxy-appliance-2b31e5c0-371c-4321-b271-044cba6fc7c7,Linux,No
Moog-Azure-IaaS,veeam-auto-0550518f-5049-4cf4-a9c3-74ca749950cf,veeam-proxy-appliance-597fe352-1684-44d4-9e99-a3db93423b18,Linux,No
Moog-Azure-IaaS,RG-GBAZ1-MCG-BI,gbaz1svdfactd01,Windows,Yes
Moog-Azure-IaaS,RG-GBAZ1-MCG-BI,gbaz1svdfactp01,Windows,Yes
Moog-Azure-IaaS,RG-GBAZ1-HCM,GBAZ1SVHCMD01,Windows,Yes
Moog-Azure-IaaS,RG-GBAZ1-HCM,GBAZ1SVHCMP01,Windows,Yes
Moog-Azure-IaaS,RG-USAE2-MCG-BI,usae2svdfactd01,Windows,No
Moog-Azure-IaaS,RG-USAE2-MCG-BI,usae2svdfactp01,Windows,No
Moog-Azure-IaaS,RG-Moog-Americas-HAProxy,USAE2HAPROXY1,Linux,Yes
Moog-Azure-IaaS,RG-Moog-Americas-HAProxy,USAE2HAPROXY2,Linux,Yes
Moog-Azure-IaaS,RG-Moog-Central-AAA,usaz2svacard01,Windows,Yes
Moog-Azure-IaaS,RG-DEAZ1-Network,DEAZ1SV-VCE01,Linux,Yes
Moog-Azure-IaaS,RG-DEAZ1-Network,DEAZ1SVVCEJMP01,Windows,Yes
Moog-Azure-IaaS,RG-DEAZ1-Veeam,deaz1svvbop01,Windows,Yes
Moog-Azure-IaaS,RG-DEAZ1-Veeam,DEAZ1SVVLP01,Windows,Yes
Sub-MoogComm-Corp-Analytics-UK-Prod,RG-GBAZ1-Analytics-IRE,gbaz1pint01,Windows,Yes
Sub-MoogComm-Corp-Analytics-UK-Prod,RG-GBAZ1-Analytics-Power-BI-Gateway,gbaz1pprwbi01,Windows,Yes
Sub-MoogComm-Corp-Analytics-UK-Prod,RG-GBAZ1-Analytics-Power-BI-Gateway,gbaz1pprwbi02,Windows,Yes
Sub-MoogComm-Corp-Analytics-UK-Prod,RG-GBAZ1-Analytics-EDW-01,gbaz1pedw01,Windows,Yes
Sub-MoogComm-Corp-Analytics-UK-Prod,RG-GBAZ1-Analytics-EDW-01,gbaz1pedw02,Windows,Yes
Sub-Moog-IG-SAP-NonProd,RG-GBAZ1-IGSAP-SAP-DB-HANA-BW4-Dev,gb1dbw4db01,Linux,No
Sub-Moog-IG-SAP-NonProd,RG-GBAZ1-IGSAP-SAP-DB-HANA-BW4-QA,gb1qbw4db01,Linux,No
Sub-Moog-IG-SAP-NonProd,RG-GBAZ1-IGSAP-SAP-AS-BW4-QA,gb1qbw401,Windows,No
Sub-Moog-IG-SAP-NonProd,RG-GBAZ1-IGSAP-SAP-AS-BODS-QA,gb1qbods01,Windows,No
Sub-Moog-IG-SAP-NonProd,RG-GBAZ1-IGSAP-SAP-DB-BODS-QA,gb1qbodsdb01,Windows,No
Sub-Moog-IG-SAP-NonProd,RG-GBAZ1-IGSAP-SAP-AS-BW4-Dev,gb1dbw401,Windows,No
Sub-Moog-IG-SAP-NonProd,RG-GBAZ1-IGSAP-SAP-AS-BODS-Dev,gb1dbods01,Windows,No
Sub-Moog-IG-SAP-NonProd,RG-GBAZ1-IGSAP-SAP-SFTP-NP,gb1nsftp01,Windows,No
Sub-Moog-IG-SAP-NonProd,RG-GBAZ1-IGSAP-SAP-MFGPro-IRE-Dev,gb1dmfgpro01,Windows,No
Sub-Moog-IG-SAP-NonProd,RG-GBAZ1-IGSAP-SAP-SQL-TEST-Dev,gbaz1svdsqlt01,Windows,No
Sub-Moog-IG-SAP-Prod,RG-GBAZ1-IGSAP-SAP-DB-HANA-BW4,gb1pbw4db01,Linux,No
Sub-Moog-IG-SAP-Prod,RG-GBAZ1-IGSAP-SAP-DB-BODS,gb1pbodsdb01,Windows,No
Sub-Moog-IG-SAP-Prod,RG-GBAZ1-IGSAP-SAP-AS-BODS,gb1pbods01,Windows,No
Sub-Moog-IG-SAP-Prod,RG-GBAZ1-IGSAP-SAP-AS-BW4,gb1pbw401,Windows,No
Sub-Moog-IG-SAP-Prod,RG-GBAZ1-IGSAP-SAP-SFTP,gb1psftp01,Windows,No
Sub-Moog-IG-SAP-Prod,RG-GBAZ1-IGSAP-SAP-MFGPro-IRE,gb1pmfgpro01,Windows,No
Sub-MoogComm-GenerativeAI-NonProd,RG-USAE2-GEN-AI-DEVVM-D,lvm-ilab-test-d,Linux,No
Sub-MoogComm-SmartFactory-Dev,rg-USAE2-FAC-PLA-2-MANAGEMENT-D,vm-usae2-fac-pla-2-d,Windows,No
Sub-MoogComm-SmartFactory-Prod,rg-GBAZ1-FAC-PLA-MANAGEMENT-P,vm-gbaz1-fac-pla-p,Windows,No
Sub-MoogComm-SmartFactory-Prod,rg-INDC1-FAC-PLA-MANAGEMENT-P,vm-indc1-fac-pla-p,Windows,No
Sub-MoogComm-SmartFactory-Prod,rg-USAE2-FAC-PLA-MANAGEMENT-P,vm-usae2-fac-pla-p,Windows,No
Sub-Moog-AD-SAP-NonProd,RG-GBAZ1-ADSAP-3-Solumina-ActiveMQ-QA,gbaz1svq3solm01,Linux,No
Sub-Moog-AD-SAP-NonProd,RG-GBAZ1-ADSAP-Solumina-Bastion-NP,gbaz1svnsolba01,Linux,No
Sub-Moog-AD-SAP-NonProd,RG-GBAZ1-ADSAP-Solumina-ActiveMQ-Trn,gbaz1svtsolm01,Linux,Yes
Sub-Moog-AD-SAP-NonProd,RG-GBAZ1-ADSAP-Solumina-ActiveMQ-QA,gbaz1svqsolm01,Linux,Yes
Sub-Moog-AD-SAP-Prod,RG-GBAZ1-ADSAP-Solumina-Bastion,gbaz1svpsolba01,Linux,Yes
Sub-Moog-AD-SAP-Prod,RG-GBAZ1-ADSAP-Solumina-ActiveMQ,gbaz1svpsolm01,Linux,Yes
Sub-Moog-AD-SAP-Prod,RG-GBAZ1-ADSAP-Solumina-ActiveMQ-Prep,gbaz1svrsolm01,Linux,Yes
Sub-Moog-Commercial-EndUserVirtualization-Prod,RG-NLAW2-Citrix-Infrastruture-CloudConnectors-Prod,NLAW2SVPXCCC001,Windows,Yes
Sub-Moog-Commercial-EndUserVirtualization-Prod,RG-NLAW2-Citrix-Infrastruture-CloudConnectors-Prod,NLAW2SVPXCCC002,Windows,Yes
Sub-Moog-Commercial-EndUserVirtualization-Prod,RG-NLAW2-Citrix-Infrastruture-CloudConnectors-Prod,NLAW2SVPXCCC003,Windows,Yes
Sub-Moog-Commercial-EndUserVirtualization-Prod,RG-NLAW2-Citrix-Infrastruture-FAS-Prod,NLAW2SVPXFAS001,Windows,Yes
Sub-Moog-Commercial-EndUserVirtualization-Prod,RG-NLAW2-Citrix-Infrastruture-FAS-Prod,NLAW2SVPXFAS002,Windows,Yes
Sub-Moog-Commercial-EndUserVirtualization-Prod,RG-NLAW2-Citrix-Infrastruture-Storage-Prod,NLAW2SVPXDFS001,Windows,Yes
Sub-Moog-Commercial-EndUserVirtualization-Prod,RG-NLAW2-Citrix-Infrastruture-Storage-Prod,NLAW2SVPXDFS002,Windows,Yes
Sub-Moog-Commercial-EndUserVirtualization-Prod,RG-NLAW2-Citrix-Infrastruture-Storage-Prod,NLAW2SVPXDFS003,Windows,Yes
Sub-Moog-Commercial-EndUserVirtualization-Prod,RG-NLAW2-Citrix-Infrastruture-MasterImages-Prod,NLAW2SVPXSDP000,Windows,No
Sub-Moog-Commercial-EndUserVirtualization-Prod,RG-NLAW2-Citrix-Infrastruture-MasterImages-Prod,NLAW2SVPXSHD000,Windows,No
Sub-Moog-Commercial-EndUserVirtualization-Prod,RG-NLAW2-Citrix-Infrastruture-MasterImages-Prod,NLAW2SVPXVDN000,Windows,No
Sub-Moog-Commercial-EndUserVirtualization-Prod,RG-NLAW2-Citrix-Infrastruture-MasterImages-Prod,NLAW2SVPXVDP000,Windows,No
Sub-Moog-Commercial-EndUserVirtualization-Prod,RG-NLAW2-Citrix-Infrastruture-MasterImages-Prod,NLAW2WKPXVDP000,Windows,No
Sub-Moog-Commercial-EndUserVirtualization-Prod,RG-NLAW2-CitrixTroubleshoot,nlaw2citrixtest,Windows,Yes
Sub-Moog-Commercial-EndUserVirtualization-Prod,RG-USAE2-Citrix-Infrastruture-CloudConnectors-Prod,USAE2SVPXCCC001,Windows,Yes
Sub-Moog-Commercial-EndUserVirtualization-Prod,RG-USAE2-Citrix-Infrastruture-CloudConnectors-Prod,USAE2SVPXCCC002,Windows,Yes
Sub-Moog-Commercial-EndUserVirtualization-Prod,RG-USAE2-Citrix-Infrastruture-CloudConnectors-Prod,USAE2SVPXCCC003,Windows,Yes
Sub-Moog-Commercial-EndUserVirtualization-Prod,RG-USAE2-Citrix-Infrastruture-FAS-Prod,USAE2SVPXFAS001,Windows,Yes
Sub-Moog-Commercial-EndUserVirtualization-Prod,RG-USAE2-Citrix-Infrastruture-FAS-Prod,USAE2SVPXFAS002,Windows,Yes
Sub-Moog-Commercial-EndUserVirtualization-Prod,RG-USAE2-Citrix-Infrastruture-Storage-Prod,USAE2SVPXDFS001,Windows,Yes
Sub-Moog-Commercial-EndUserVirtualization-Prod,RG-USAE2-Citrix-Infrastruture-Storage-Prod,USAE2SVPXDFS002,Windows,Yes
Sub-Moog-Commercial-EndUserVirtualization-Prod,RG-USAE2-Citrix-Infrastruture-Storage-Prod,USAE2SVPXDFS003,Windows,Yes
Sub-Moog-Commercial-EndUserVirtualization-Prod,RG-USAE2-Citrix-Infrastruture-MasterImages-Prod,USAE2SVPGICN000,Windows,Yes
Sub-Moog-Commercial-EndUserVirtualization-Prod,RG-USAE2-Citrix-Infrastruture-MasterImages-Prod,USAE2SVPXCLB000,Windows,No
Sub-Moog-Commercial-EndUserVirtualization-Prod,RG-USAE2-Citrix-Infrastruture-MasterImages-Prod,USAE2SVPXERP000,Windows,No
Sub-Moog-Commercial-EndUserVirtualization-Prod,RG-USAE2-Citrix-Infrastruture-MasterImages-Prod,USAE2SVPXGEN000,Windows,No
Sub-Moog-Commercial-EndUserVirtualization-Prod,RG-USAE2-Citrix-Infrastruture-MasterImages-Prod,usae2svpxgigen0,Windows,No
Sub-Moog-Commercial-EndUserVirtualization-Prod,RG-USAE2-Citrix-Infrastruture-MasterImages-Prod,USAE2SVPXVDP000,Windows,No
Sub-Moog-Commercial-EndUserVirtualization-Prod,RG-USAE2-Citrix-Infrastruture-MasterImages-Prod,USAE2SVPXVDP100,Windows,Yes
Sub-Moog-Commercial-EndUserVirtualization-Prod,RG-USAE2-Citrix-Infrastruture-MasterImages-Prod,USAE2SVPXWPS000,Windows,No
Sub-Moog-Commercial-EndUserVirtualization-Prod,RG-USAE2-Citrix-Infrastruture-MasterImages-Gov-Prod,USAE2SVGXVDP000,Windows,No
Sub-Moog-Commercial-EndUserVirtualization-Prod,RG-USAE2-Citrix-Infrastructure-VirtualHosts-Prod,USAE2SVPXCLB004,Windows,No
Sub-Moog-Commercial-EndUserVirtualization-Prod,RG-USAE2-Citrix-Infrastructure-VirtualHosts-Prod,USAE2SVPXERP001,Windows,No
Sub-Moog-Commercial-EndUserVirtualization-Prod,RG-USAE2-Citrix-Infrastructure-VirtualHosts-Prod,USAE2SVPXERP003,Windows,No
Sub-Moog-Commercial-EndUserVirtualization-Prod,RG-USAE2-Citrix-Infrastructure-VirtualHosts-Prod,USAE2SVPXERP004,Windows,No
Sub-Moog-Commercial-EndUserVirtualization-Prod,RG-USAE2-Citrix-Infrastructure-VirtualHosts-Prod,USAE2SVPXERP006,Windows,No
Sub-Moog-Commercial-EndUserVirtualization-Prod,RG-USAE2-Citrix-Infrastructure-VirtualHosts-Prod,USAE2SVPXERP009,Windows,No
Sub-Moog-Commercial-EndUserVirtualization-Prod,RG-USAE2-Citrix-Infrastructure-VirtualHosts-Prod,USAE2SVPXERP010,Windows,No
Sub-Moog-Commercial-EndUserVirtualization-Prod,RG-USAE2-Citrix-Infrastructure-VirtualHosts-Prod,USAE2SVPXERP011,Windows,No
Sub-Moog-Commercial-EndUserVirtualization-Prod,RG-USAE2-Citrix-Infrastructure-VirtualHosts-Prod,USAE2SVPXERP013,Windows,No
Sub-Moog-Commercial-EndUserVirtualization-Prod,RG-USAE2-Citrix-Infrastructure-VirtualHosts-Prod,USAE2SVPXERP014,Windows,No
Sub-Moog-Commercial-EndUserVirtualization-Prod,RG-USAE2-Citrix-Infrastructure-VirtualHosts-Prod,USAE2SVPXERP016,Windows,No
Sub-Moog-Commercial-EndUserVirtualization-Prod,RG-USAE2-Citrix-Infrastructure-VirtualHosts-Prod,USAE2SVPXERP018,Windows,No
Sub-Moog-Commercial-EndUserVirtualization-Prod,RG-USAE2-Citrix-Infrastructure-VirtualHosts-Prod,USAE2SVPXERP019,Windows,No
Sub-Moog-Commercial-EndUserVirtualization-Prod,RG-USAE2-Citrix-Infrastructure-VirtualHosts-Prod,USAE2SVPXERP020,Windows,No
Sub-Moog-Commercial-EndUserVirtualization-Prod,RG-USAE2-Citrix-Infrastructure-VirtualHosts-Prod,USAE2SVPXERP022,Windows,No
Sub-Moog-Commercial-EndUserVirtualization-Prod,RG-USAE2-Citrix-Infrastructure-VirtualHosts-Prod,USAE2SVPXERP024,Windows,No
Sub-Moog-Commercial-EndUserVirtualization-Prod,RG-USAE2-Citrix-Infrastructure-VirtualHosts-Prod,USAE2SVPXERP025,Windows,No
Sub-Moog-Commercial-EndUserVirtualization-Prod,RG-USAE2-Citrix-Infrastructure-VirtualHosts-Prod,USAE2SVPXERP027,Windows,No
Sub-Moog-Commercial-EndUserVirtualization-Prod,RG-USAE2-Citrix-Infrastructure-VirtualHosts-Prod,USAE2SVPXERP028,Windows,No
Sub-Moog-Commercial-EndUserVirtualization-Prod,RG-USAE2-Citrix-Infrastructure-VirtualHosts-Prod,USAE2SVPXERP029,Windows,No
Sub-Moog-Commercial-EndUserVirtualization-Prod,RG-USAE2-Citrix-Infrastructure-VirtualHosts-Prod,USAE2SVPXERP030,Windows,No
Sub-Moog-Commercial-EndUserVirtualization-Prod,RG-USAE2-Citrix-Infrastructure-VirtualHosts-Prod,USAE2SVPXERP031,Windows,No
Sub-Moog-Commercial-EndUserVirtualization-Prod,RG-USAE2-Citrix-Infrastructure-VirtualHosts-Prod,USAE2SVPXERP032,Windows,No
Sub-Moog-Commercial-EndUserVirtualization-Prod,RG-USAE2-Citrix-Infrastructure-VirtualHosts-Prod,USAE2SVPXERP033,Windows,No
Sub-Moog-Commercial-EndUserVirtualization-Prod,RG-USAE2-Citrix-Infrastructure-VirtualHosts-Prod,USAE2SVPXERP034,Windows,No
Sub-Moog-Commercial-EndUserVirtualization-Prod,RG-USAE2-Citrix-Infrastructure-VirtualHosts-Prod,USAE2SVPXERP035,Windows,No
Sub-Moog-Commercial-EndUserVirtualization-Prod,RG-USAE2-Citrix-Infrastructure-VirtualHosts-Prod,USAE2SVPXGEN021,Windows,No
Sub-Moog-Commercial-EndUserVirtualization-Prod,RG-USAE2-Citrix-Infrastructure-VirtualHosts-Prod,USAE2SVPXGEN024,Windows,No
Sub-Moog-Commercial-EndUserVirtualization-Prod,RG-USAE2-Citrix-Infrastructure-VirtualHosts-Prod,USAE2SVPXGEN025,Windows,No
Sub-Moog-Commercial-EndUserVirtualization-Prod,RG-USAE2-Citrix-Infrastructure-VirtualHosts-Prod,USAE2SVPXGEN026,Windows,No
Sub-Moog-Commercial-EndUserVirtualization-Prod,RG-USAE2-Citrix-Infrastructure-VirtualHosts-Prod,USAE2SVPXGEN027,Windows,No
Sub-Moog-Commercial-EndUserVirtualization-Prod,RG-USAE2-Citrix-Infrastructure-VirtualHosts-Prod,USAE2SVPXGEN028,Windows,No
Sub-Moog-Commercial-EndUserVirtualization-Prod,RG-USAE2-Citrix-Infrastructure-VirtualHosts-Prod,USAE2SVPXWPS011,Windows,No
Sub-Moog-Commercial-EndUserVirtualization-Prod,RG-USAE2-Citrix-Infrastructure-VirtualHosts-Prod,USAE2SVPXWPS012,Windows,No
Sub-Moog-Commercial-EndUserVirtualization-Prod,RG-USAE2-Citrix-Infrastructure-VirtualHosts-Prod,USAE2SVPXWPS013,Windows,No
Sub-Moog-Commercial-EndUserVirtualization-Prod,RG-USAE2-Citrix-Infrastructure-VirtualHosts-Prod,USAE2SVPXWPS014,Windows,No
Sub-Moog-Commercial-EndUserVirtualization-Prod,RG-USAE2-Citrix-Infrastructure-VirtualHosts-Prod,USAE2SVPXWPS015,Windows,No
Sub-Moog-Commercial-EndUserVirtualization-Prod,RG-USAE2-Citrix-Infrastructure-VirtualHosts-Prod,USAE2SVPXWPS016,Windows,No
Sub-Moog-Commercial-EndUserVirtualization-Prod,RG-USAE2-Citrix-Infrastructure-VirtualHosts-Prod,USAE2SVPXWPS017,Windows,No
Sub-Moog-Commercial-EndUserVirtualization-Prod,RG-USAE2-Citrix-Infrastructure-VirtualHosts-Prod,USAE2SVPXWPS018,Windows,No
Sub-Moog-Commercial-EndUserVirtualization-Prod,RG-USAE2-Citrix-Infrastructure-VirtualHosts-Prod,USAE2SVPXWPS019,Windows,No
Sub-Moog-Commercial-EndUserVirtualization-Prod,RG-USAE2-Citrix-Infrastructure-VirtualHosts-Prod,USAE2SVPXWPS020,Windows,No
Sub-Moog-Commercial-EndUserVirtualization-Prod,RG-USAE2-Citrix-Infrastructure-VirtualHosts-Non-Prod,Preparati-tbjby,Windows,No
Sub-Moog-Commercial-EndUserVirtualization-Prod,RG-USAE2-Citrix-Infrastructure-VirtualHosts-Non-Prod,usae2svuxcn001,Windows,No
Sub-Moog-Commercial-EndUserVirtualization-Prod,RG-USAE2-Citrix-Infrastructure-VirtualHosts-Non-Prod,USAE2SVUXERP007,Windows,No
Sub-Moog-Commercial-EndUserVirtualization-Prod,RG-USAE2-Citrix-Infrastructure-VirtualHosts-Non-Prod,USAE2SVUXGEN005,Windows,No
Sub-Moog-Commercial-EndUserVirtualization-Prod,RG-USAE2-Citrix-Infrastructure-VirtualHosts-Non-Prod,USAE2SVUXWPS004,Windows,No
Sub-Moog-Commercial-EndUserVirtualization-Prod,RG-USAE2-Citrix-Infrastructure-VirtualHosts-Non-Prod,USAE2SVUXWPS005,Windows,No
Sub-Moog-Commercial-EndUserVirtualization-Prod,RG-USAE2-Citrix-Infrastructure-VirtualHosts-Gov-Prod,USAE2SVPGXSHD02,Windows,No
Sub-Moog-Commercial-EndUserVirtualization-Prod,RG-USAE2-Citrix-Infrastructure-VirtualHosts-Gov-Prod,USAE2SVPGXSHD03,Windows,No
Sub-Moog-Commercial-EndUserVirtualization-Prod,RG-USAE2-Citrix-Infrastructure-VirtualHosts-Gov-Non-Prod,USAE2SVUGXSHD01,Windows,No
Sub-Moog-Commercial-EndUserVirtualization-Prod,RG-USAE2-Citrix-Infrastructure-VirtualHosts-China-Prod,usae2svpxcn001,Windows,No
Sub-Moog-Commercial-EndUserVirtualization-Prod,RG-USAE2-Citrix-Infrastructure-VirtualHosts-China-Prod,usae2svpxcn002,Windows,No
Sub-Moog-Commercial-EndUserVirtualization-Prod,RG-USAE2-Citrix-Infrastructure-VirtualHosts-China-Prod,usae2svpxcn003,Windows,No
Sub-Moog-Commercial-EndUserVirtualization-Prod,RG-USAE2-Citrix-Infrastructure-VirtualHosts-China-Prod,usae2svpxcn004,Windows,No
Sub-Moog-Commercial-EndUserVirtualization-Prod,RG-USAE2-Citrix-Infrastructure-VirtualHosts-China-Prod,usae2svpxcn005,Windows,No
Sub-Moog-Commercial-EndUserVirtualization-Prod,RG-USAE2-Citrix-Infrastructure-Solumina-Gov-Prod,USAE2SVGSVAAD,Windows,Yes
Sub-Moog-Commercial-EndUserVirtualization-Prod,RG-USAE2-Citrix-Infrastructure-Solumina-Gov-Prod,USAE2SVGSVDPOC,Windows,Yes
Sub-Moog-Commercial-EndUserVirtualization-Prod,RG-USAE2-Citrix-Infrastructure-MasterImages-Dev,usae2duxwco01,Windows,No
Sub-Moog-Commercial-EndUserVirtualization-Prod,RG-USAE2-Citrix-Infrastructure-VirtualHosts-Entra-Test-2,usae2dtaad01,Windows,No
Sub-Moog-Commercial-EndUserVirtualization-Prod,RG-USAE2-RDS-Broker,usae2prdbrk01,Windows,No
Sub-Moog-Commercial-EndUserVirtualization-Prod,RG-USAE2-RDS-Broker,usae2prdbrk02,Windows,No
Sub-Moog-Core-Networking,RG-GBAZ2-Core-Networking-Firewall-Hub,gbaz2pcnpfw01,Linux,No
Sub-Moog-Core-Networking,RG-GBAZ2-Core-Networking-Firewall-Hub,gbaz2pcnpfw02,Linux,No
Sub-Moog-Core-Networking,RG-GBAZ2-Core-Networking-VCE-Hub,gbaz2pcnvce01,Linux,No
Sub-Moog-Core-Networking,RG-GBAZ2-Core-Networking-VCE-Hub,gbaz2pcnvce02,Linux,No
Sub-Moog-Core-Networking,RG-GBAZ1-Core-Networking-Firewall-Hub,gbaz1pcnpfw01,Linux,No
Sub-Moog-Core-Networking,RG-GBAZ1-Core-Networking-Firewall-Hub,gbaz1pcnpfw02,Linux,No
Sub-Moog-Core-Networking,RG-GBAZ1-Core-Networking-VCE-Hub,gbaz1pcnvce01,Linux,No
Sub-Moog-Core-Networking,RG-GBAZ1-Core-Networking-VCE-Hub,gbaz1pcnvce02,Linux,No
Sub-Moog-Core-Networking,RG-DEAZ1-Networking-Core-Firewall-Hub,deaz1pcnpfw01,Linux,No
Sub-Moog-Core-Networking,RG-DEAZ1-Networking-Core-Firewall-Hub,deaz1pcnpfw02,Linux,No
Sub-Moog-Core-Networking,RG-DEAZ1-Networking-Core-VCE-Hub,deaz1pcnvce01,Linux,No
Sub-Moog-Core-Networking,RG-DEAZ1-Networking-Core-VCE-Hub,deaz1pcnvce02,Linux,No
Sub-Moog-Core-Networking,RG-SGAZ1-Networking-CitrixADC-ADM-Agent,sgaz1pcxadm01,Linux,Yes
Sub-Moog-Core-Networking,RG-SGAZ1-Networking-CitrixADC-Netscaler,sgaz1pcxadc01,Linux,Yes
Sub-Moog-Core-Networking,RG-SGAZ1-Networking-CitrixADC-Netscaler,sgaz1pcxadc02,Linux,Yes
Sub-Moog-Core-Networking,RG-NLAW2-Networking-CitrixADC-ADM-Agent,nlaw2pcxadm01,Linux,Yes
Sub-Moog-Core-Networking,RG-NLAW2-Networking-CitrixADC-Netscaler,nlaw2pcxadc01,Linux,Yes
Sub-Moog-Core-Networking,RG-NLAW2-Networking-CitrixADC-Netscaler,nlaw2pcxadc02,Linux,Yes
Sub-Moog-Core-Networking,RG-USAE2-Networking-CitrixADC-ADM-Agent,usae2pcxadm01,Linux,Yes
Sub-Moog-Core-Networking,RG-USAE2-Networking-CitrixADC-Netscaler,usae2pcxadc01,Linux,Yes
Sub-Moog-Core-Networking,RG-USAE2-Networking-CitrixADC-Netscaler,usae2pcxadc02,Linux,Yes
Sub-Moog-Core-Networking,RG-SGAZ1-Networking-Core-Firewall-Hub,sgaz1pcnpfw01,Linux,No
Sub-Moog-Core-Networking,RG-SGAZ1-Networking-Core-Firewall-Hub,sgaz1pcnpfw02,Linux,No
Sub-Moog-Core-Networking,RG-SGAZ1-Networking-Core-VCE-Hub,sgaz1pcnvce01,Linux,Yes
Sub-Moog-Core-Networking,RG-SGAZ1-Networking-Core-VCE-Hub,sgaz1pcnvce02,Linux,Yes
Sub-Moog-Core-Networking,RG-NLAW2-Networking-Core-Firewall-Hub,nlaw2pcnpfw01,Linux,Yes
Sub-Moog-Core-Networking,RG-NLAW2-Networking-Core-Firewall-Hub,nlaw2pcnpfw02,Linux,Yes
Sub-Moog-Core-Networking,RG-NLAW2-Networking-Core-VCE-Hub,nlaw2pcnvce01,Linux,Yes
Sub-Moog-Core-Networking,RG-NLAW2-Networking-Core-VCE-Hub,nlaw2pcnvce02,Linux,Yes
Sub-Moog-Core-Networking,RG-USAE2-Networking-Core-Firewall-Hub,usae2pcnpfw01,Linux,Yes
Sub-Moog-Core-Networking,RG-USAE2-Networking-Core-Firewall-Hub,usae2pcnpfw02,Linux,Yes
Sub-Moog-Core-Networking,RG-USAE2-Networking-Core-VCE-Hub,usae2pcnvce01,Linux,Yes
Sub-Moog-Core-Networking,RG-USAE2-Networking-Core-VCE-Hub,usae2pcnvce02,Linux,Yes
Sub-Moog-Core-Networking,RG-NLAW2-Networking-PaloAlto-UserIDAgent,nlaw2ppauid01,Windows,Yes
Sub-Moog-Core-Networking,RG-NLAW2-Networking-PaloAlto-UserIDAgent,nlaw2ppauid02,Windows,Yes
Sub-Moog-Core-Identity,RG-NLAW2-Identity-DomainController-IE-Prod,nlaw2piedc01,Windows,No
Sub-Moog-Core-Identity,RG-NLAW2-Identity-DomainController-NL-Prod,nlaw2pnldc01,Windows,Yes
Sub-Moog-Core-Security,RG-NLAW2-Security-BeyondTrust-BeyondInsight,nlaw2psecbtbi01,Windows,No
Sub-Moog-Core-Security,RG-NLAW2-Security-BeyondTrust-BeyondInsight,nlaw2psecbtbi02,Windows,No
Sub-Moog-Core-Security,RG-NLAW2-Security-BeyondTrust-RemoteSupport,nlaw2pbtrs01,Linux,Yes
Sub-Moog-Core-Security,RG-USAZ2-Security-BeyondTrust-SQL-DR,usaz2psecbtdb01,Windows,Yes
Sub-Moog-Core-Security,RG-USAZ2-Security-BeyondTrust-SQL-DR,usaz2psecbtdb02,Windows,Yes
Sub-Moog-Core-Security,RG-SGAZ1-Security-BeyondTrust-BeyondInsight,sgaz1psecbtbi01,Windows,No
Sub-Moog-Core-Security,RG-SGAZ1-Security-BeyondTrust-BeyondInsight,sgaz1psecbtbi02,Windows,No
Sub-Moog-Core-Security,RG-SGAZ1-Security-BeyondTrust-RemoteSupport,sgaz1pbtrs01,Linux,Yes
Sub-Moog-Core-Security,RG-SGAZ1-Security-Rapid7-Scanner,sgaz1psecrapd01,Linux,No
Sub-Moog-Core-Security,RG-SGAZ1-Security-BeyondTrust-SQL,sgaz1psecbtdb01,Windows,No
Sub-Moog-Core-Security,RG-SGAZ1-Security-Ivanti-SXS-Application,sgaz1psecisxs01,Windows,No
Sub-Moog-Core-Security,RG-SGAZ1-Security-Ivanti-SXS-Application,sgaz1psecisxs02,Windows,No
Sub-Moog-Core-Security,RG-NLAW2-Security-BeyondTrust-SQL,nlaw2psecbtdb01,Windows,No
Sub-Moog-Core-Security,RG-NLAW2-Security-Ivanti-SXS-Application,nlaw2psecisxs01,Windows,No
Sub-Moog-Core-Security,RG-NLAW2-Security-Ivanti-SXS-Application,nlaw2psecisxs02,Windows,No
Sub-Moog-Core-Security,RG-USAE2-Security-BeyondTrust-Management,usae2psecbtjb01,Windows,No
Sub-Moog-Core-Security,RG-USAE2-Security-BeyondTrust-SQL,usae2psecbtdb01,Windows,No
Sub-Moog-Core-Security,RG-USAE2-Security-BeyondTrust-SQL,usae2psecbtdb02,Windows,No
Sub-Moog-Core-Security,RG-USAE2-Security-BeyondTrust-BeyondInsight,usae2psecbtbi03,Windows,No
Sub-Moog-Core-Security,RG-USAE2-Security-BeyondTrust-BeyondInsight,usae2psecbtbi04,Windows,No
Sub-Moog-Core-Security,RG-USAE2-Security-LogRhythm-WindowsEventCollector,usae2pseclrwc01,Windows,Yes
Sub-Moog-Core-Security,RG-USAE2-Security-Rapid7-Scanner,usae2psecrapd01,Linux,Yes
Sub-Moog-Core-Security,RG-USAE2-Security-BeyondTrust-Privilege-Mgmt,usae2psecbtpmul01,Linux,No
Sub-Moog-Core-Security,RG-USAE2-Security-BeyondTrust-Privilege-Mgmt,usae2psecbtpmul02,Linux,No
Sub-Moog-Core-Security,RG-USAE2-Security-BeyondTrust-Privilege-Mgmt,usae2psecbtpmul03,Linux,No
Sub-Moog-Core-Security,RG-USAE2-Security-Ivanti-SXS-Application,usae2psecisxs01,Windows,No
Sub-Moog-Core-Security,RG-USAE2-Security-Ivanti-SXS-Application,usae2psecisxs02,Windows,No
Sub-Moog-Core-Security,RG-USAE2-Security-Ivanti-SXS-Application,usae2psecisxs03,Windows,No
Sub-Moog-Core-Security,RG-USAE2-Security-Ivanti-SXS-Application-Dev,usae2dsecisxs01,Windows,No
Sub-Moog-Core-Security,RG-USAE2-Security-BeyondTrust-RemoteSupport,usae2psecbtrs01,Linux,No
Sub-Moog-Core-Security,RG-USAE2-Security-BeyondTrust-RemoteSupport,usae2psecbtrs02,Linux,No
Sub-Moog-Core-Security,RG-USAE2-Security-EntraConnect,usae2pentrcon01,Windows,No
Sub-Moog-Core-Security,RG-GBAZ1-Security-pentest,gbaz1nkalipoc01,Linux,No
Sub-Moog-Core-Security,RG-USAE2-Security-Cortex-XDR,usae2svpabrkr01,Linux,No
Visual Studio Enterprise Subscription,NewVM1_group,NewVM1,Linux,No
Visual Studio Enterprise Subscription,rg-testing-vms,vm-mc-test-1,Linux,No
Visual Studio Enterprise Subscription,rg-testing-vms,vm-mc-test-4,Linux,No
Visual Studio Enterprise Subscription,rg-testing-vms,vm-mc-test-5,Linux,No
AlexEnterprise01,novack-demo,vm-novack-ubuntu,Linux,No
Visual Studio Enterprise Subscription,RG-USAZ2-Workday-Test,USAZ2SVWDTEST,Windows,No
Visual Studio Enterprise Subscription,rg-boglin,boglin,Linux,No
Visual Studio Enterprise,MadsDevServer2022,MadsDevServer2022,Windows,No
Visual Studio Enterprise,MadsServerUbuntu,MadsDevServerUbuntu,Linux,No
Visual Studio Enterprise Subscription,VM-AJS-TEST_group,DynatraceTestLinuxMachine,Linux,No
BillMEnterprise,BillMTestRG,Billm-Ubuntu-test,Linux,Yes
Visual Studio Enterprise Subscription,MadsBotsUbuntu,MadsBotsServerUbuntu,Linux,No
Visual Studio Enterprise Subscription,ToolboxTestGroup,ToolboxTestVM,Linux,No
Sub-MoogInno-Aircraft-Convergence-NonProd,cvg-sim-cmp-rg,cvg-sim-cmp-licenceserver,Windows,No
Sub-MoogInno-Aircraft-Convergence-NonProd,cvg-sim-img-rg,cvg-sim-img-plantsimvm,Windows,No
Sub-Moog-Innovation-DarwinAI-Development,moog-gensynth1-rsgrp,moog-gensynth1-vm-gpu1,Linux,No
Sub-Moog-Innovation,ares-dev-backend,ares-dev-vm,Linux,No
Sub-Moog-Innovation,ag-innovation-video-test,moog-ag-ant-test,Linux,No
Sub-Moog-Innovation,rg-woojin-test,vm-woojin-test-2,Linux,No
