Subscription,Resource Group,VM Name,Change Tracking Enabled
Sub-MoogComm-Aircraft-Convergence-NonProd,cvg-sim-cmp-rg,cvg-sim-cmp-licenceserver,No
Sub-MoogComm-Aircraft-Convergence-NonProd,cvg-sim-img-rg,cvg-sim-img-plantsimvm,No
Sub-MoogComm-Aircraft-Convergence-NonProd,RG-GBAZ1-CVG-Convergence-Bastion-SB,gbaz1scvgba01,No
Sub-MoogComm-Aircraft-Convergence-NonProd,RG-GBAZ1-Convergence-Solumina-ActiveMQ-SB,gbaz1scvgmq01,Yes
Sub-MoogComm-Aircraft-Convergence-NonProd,RG-GBAZ1-CVG-WP2-DevelopmentVms-NP,gbaz1ncvgdev1,Yes
Sub-MoogComm-Corp-Analytics-NonProd,RG-USAE2-Analytics-Synapse-Integration-Runtime-SB,usae2sint01,No
Sub-MoogComm-Corp-Analytics-NonProd,RG-USAE2-Analytics-Synapse-IRE-SB,usae2sint02,No
Sub-MoogComm-Corp-Analytics-NonProd,RG-USAE2-Analytics-Synapse-IRE-SB,usae2sint03,No
Sub-MoogComm-Corp-Analytics-NonProd,RG-USAE2-Analytics-Synapse-IRE-SB,usae2sint04,No
Sub-MoogComm-Corp-Analytics-NonProd,RG-USAE2-Analytics-Synapse-IRE-SB,usae2sint05,No
Sub-MoogComm-Corp-Analytics-NonProd,databricks-rg-adbsusae2medwdev-kmdbo5amwx42k,24cb4271f95b438cb6c8ae2c82046504,No
Sub-MoogComm-Corp-Analytics-NonProd,databricks-rg-adbsusae2medwdev-kmdbo5amwx42k,439d9da7d6c744008122692b61a0486b,No
Sub-MoogComm-Corp-Analytics-NonProd,databricks-rg-adbsusae2medwdev-kmdbo5amwx42k,586eadf76eb94bfba47d9778261a77de,No
Sub-MoogComm-Corp-Analytics-NonProd,databricks-rg-adbsusae2medwdev-kmdbo5amwx42k,63df0d4e009e413c90f245cb6fbc1ac8,No
Sub-MoogComm-Corp-Analytics-NonProd,databricks-rg-adbsusae2medwdev-kmdbo5amwx42k,691e57fa4f9e4af38de6950bed94cfea,No
Sub-MoogComm-Corp-Analytics-NonProd,databricks-rg-adbsusae2medwdev-kmdbo5amwx42k,7019ce71d4bd4794b3680504c83d6575,No
Sub-MoogComm-Corp-Analytics-NonProd,databricks-rg-adbsusae2medwdev-kmdbo5amwx42k,7f7081fe4d9043c089d09cadfcd341c0,No
Sub-MoogComm-Corp-Analytics-NonProd,databricks-rg-adbsusae2medwdev-kmdbo5amwx42k,b12d25177383450c9ae5324196796d66,No
Sub-MoogComm-Corp-Analytics-NonProd,databricks-rg-adbsusae2medwdev-kmdbo5amwx42k,bed276aa6a24491aabec6394aac1d3a0,No
Sub-MoogComm-Corp-Analytics-NonProd,databricks-rg-adbsusae2medwqual-qpq5witasspio,1ceea94fa0a44ce8acc2bc9d5a7b4d81,No
Sub-MoogComm-Corp-Analytics-NonProd,databricks-rg-adbsusae2medwqual-qpq5witasspio,4373fa26d6a2431a81fc21ddc5c80152,No
Sub-MoogComm-Corp-Analytics-NonProd,databricks-rg-adbsusae2medwqual-qpq5witasspio,49be14cf8716434f9fc37aaaaf0f7edf,No
Sub-MoogComm-Corp-Analytics-NonProd,databricks-rg-adbsusae2medwqual-qpq5witasspio,731e0f1c00874ca1b6ae9efba71eb7b5,No
Sub-MoogComm-Corp-Analytics-NonProd,databricks-rg-adbsusae2medwqual-qpq5witasspio,895f401e83ef4f82a8fcfea185a37d05,No
Sub-MoogComm-Corp-Analytics-NonProd,databricks-rg-adbsusae2medwqual-qpq5witasspio,e06ed05e76ed4b559e2fc355b2971e7f,No
Sub-MoogComm-Corp-Analytics-UK-NonProd,RG-GBAZ1-Analytics-Synapse-Integration-Runtime-NP,gbaz1nint01,No
Sub-MoogComm-Corp-Analytics-UK-NonProd,RG-GBAZ1-Analytics-Synapse-Integration-Runtime-NP,gbaz1nint02,No
Sub-MoogComm-Corp-Analytics-UK-NonProd,RG-GBAZ1-Analytics-Synapse-Integration-Runtime-NP,gbaz1nint03,No
Subscription-Moog-Commercial-Dev/Test,RG-GBAZ1-APPDEV-DEV,IGAppdevDEV1,No
Subscription-Moog-Commercial-Dev/Test,RG-USAZ2-Americas-MoogWebContent,usaz2svmwapp03,No
Subscription-Moog-Commercial-Dev/Test,RG-USAZ2-Dev-DistApps,usaz2svdfgwdv01,No
Subscription-Moog-Commercial-Dev/Test,RG-USAZ2-Dev-DistApps,usaz2svhcmdv01,No
Subscription-Moog-Commercial-Dev/Test,RG-USAZ2-DEV-IDM,usaz2svidmd01,No
Subscription-Moog-Commercial-Dev/Test,RG-USAZ2-DEV-RPA,USAZ2SVUIORCD01,No
Subscription-Moog-Commercial-Dev/Test,RG-USAZ2-DEV-RPA,USAZ2SVUIWKSD01,No
Subscription-Moog-Commercial-Dev/Test,RG-USAZ2-DEV-RPA,USAZ2SVUIWKSD02,No
Subscription-Moog-Commercial-Dev/Test,RG-USAZ2-DEV-RPA,USAZ2SVUIWKSD03,No
Subscription-Moog-Commercial-Dev/Test,RG-USAZ2-DEV-RPA,USAZ2SVUIWKSD04,No
Subscription-Moog-Commercial-Dev/Test,RG-USAZ2-DEV-RPA,USAZ2SVUIWKSD05,No
Subscription-Moog-Commercial-Dev/Test,RG-USAZ2-DEV-RPA,USAZ2SVUIWKSD06,No
Subscription-Moog-Commercial-Dev/Test,RG-USAZ2-DEV-RPA,USAZ2SVUIWKSD07,No
Subscription-Moog-Commercial-Dev/Test,RG-USAZ2-AutoTime-2-Application-Dev,usaz2svd2atweb01,Yes
Subscription-Moog-Commercial-Dev/Test,RG-USAZ2-AutoTime-2-Services-Dev,usaz2svd2atsvc01,Yes
Subscription-Moog-Commercial-Dev/Test,RG-USAZ2-AutoTime-2-WebClock-Dev,usaz2svd2atwebclk01,Yes
Subscription-Moog-Commercial-Dev/Test,RG-USAZ2-AutoTime-2-Keycloak-Dev,usaz2svd2atkc01,Yes
Subscription-Moog-Commercial-Dev/Test,RG-USAZ2-AutoTime-2-DataFactory-Dev,usaz2d2atadf01,Yes
Subscription-Moog-Commercial-Dev/Test,RG-USAZ2-AutoTime-2-WebClock-QA,usaz2svq2atwebclk01,Yes
Subscription-Moog-Commercial-Dev/Test,RG-USAZ2-AutoTime-2-Services-QA,usaz2svq2atsvc01,Yes
Subscription-Moog-Commercial-Dev/Test,RG-USAZ2-AutoTime-2-Application-QA,usaz2svq2atweb01,Yes
Subscription-Moog-Commercial-Dev/Test,RG-USAZ2-AutoTime-2-Keycloak-QA,usaz2svq2atkc01,Yes
Subscription-Moog-Commercial-Dev/Test,RG-USAZ2-AutoTime-2-DataFactory-QA,usaz2q2atadf01,Yes
Subscription-Moog-Commercial-Dev/Test,RG-USAZ2-Automic-Engine-Test,usaz2xautapp01,No
Subscription-Moog-Commercial-Dev/Test,RG-USAZ2-POC-ADBRIDGE-TESTING-NP,usaz2nadb01,No
Subscription-Moog-Commercial-Dev/Test,RG-USAE2-AutoTime-DataFactory-QA,usae2svqatadf01,Yes
Subscription-Moog-Commercial-Dev/Test,RG-USAE2-AutoTime-DataFactory-QA,usae2svqatadf02,Yes
Subscription-Moog-Commercial-Dev/Test,RG-USAE2-Core-Security-Storage-NP,BeyondTrust-br.v.2,No
Subscription-Moog-Commercial-Dev/Test,RG-USAE2-Core-Security-Storage-NP,beyondtrustrs01,No
Subscription-Moog-Commercial-Dev/Test,RG-USAE2-Core-Security-Storage-NP,beyondtrustrs02,No
Subscription-Moog-Commercial-Dev/Test,RG-USAZ2-ESAR-DEV,USAZ2SVESARD01,No
Subscription-Moog-Commercial-Dev/Test,RG-USAZ2-On-Prem-Data_Gateway,USAZ2SVOPDGWD01,No
Subscription-Moog-Commercial-Dev/Test,RG-USAZ2-AzureDataFactory-Sandbox,USAZ2SVSADFIDE1,No
Subscription-Moog-Commercial-Dev/Test,RG-USAZ2-AirCraftCommandCenter-Sandbox,USAZ2SVSSYNIR01,No
Subscription-Moog-Commercial-Dev/Test,RG-USAZ2-AutoTime-Services-QA,usaz2svqatsvc01,Yes
Subscription-Moog-Commercial-Dev/Test,RG-USAZ2-AutoTime-Services-QA,usaz2svqatsvc02,Yes
Subscription-Moog-Commercial-Dev/Test,RG-USAZ2-AutoTime-Application-QA,usaz2svqatweb01,Yes
Subscription-Moog-Commercial-Dev/Test,RG-USAZ2-AutoTime-Application-QA,usaz2svqatweb02,Yes
Subscription-Moog-Commercial-Dev/Test,RG-USAZ2-AutoTime-WebClock-QA,usaz2svqatwebclk01,Yes
Subscription-Moog-Commercial-Dev/Test,RG-USAZ2-AutoTime-WebClock-QA,usaz2svqatwebclk02,Yes
Subscription-Moog-Commercial-Dev/Test,RG-USAZ2-AutoTime-DataFactory-QA,usaz2svqatadf01,Yes
Subscription-Moog-Commercial-Dev/Test,RG-USAZ2-AutoTime-DataFactory-QA,usaz2svqatadf02,Yes
Subscription-Moog-Commercial-Dev/Test,RG-USAZ2-AutoTime-DataFactory-Dev,usaz2svdatadf01,Yes
Subscription-Moog-Commercial-Dev/Test,RG-USAZ2-AutoTime-Services-Dev,usaz2svdatsvc01,No
Subscription-Moog-Commercial-Dev/Test,RG-USAZ2-AutoTime-Application-Dev,usaz2svdatweb01,No
Subscription-Moog-Commercial-Dev/Test,RG-USAZ2-AutoTime-Keycloak-Dev,usaz2svdatkc01,No
Subscription-Moog-Commercial-Dev/Test,RG-USAZ2-AutoTime-Keycloak-QA,usaz2svqatkc01,Yes
Subscription-Moog-Commercial-Dev/Test,RG-USAZ2-AutoTime-Keycloak-QA,usaz2svqatkc02,Yes
Subscription-Moog-Commercial-Dev/Test,RG-USAZ2-AutoTime-Keycloak-SB,usaz2svsatkc01,Yes
Subscription-Moog-Commercial-Dev/Test,RG-USAZ2-AutoTime-Keycloak-SB,usaz2svsatkc02,Yes
Subscription-Moog-Commercial-Dev/Test,RG-USAZ2-AutoTime-Application-SB,usaz2svsatweb01,Yes
Subscription-Moog-Commercial-Dev/Test,RG-USAZ2-AutoTime-Application-SB,usaz2svsatweb02,Yes
Subscription-Moog-Commercial-Dev/Test,RG-USAZ2-AutoTime-Application-SB,usaz2svsatweb03,Yes
Subscription-Moog-Commercial-Dev/Test,RG-USAZ2-AutoTime-WebClock-Dev,usaz2svdatwebclk01,No
Subscription-Moog-Commercial-Dev/Test,RG-USAZ2-Corporate-Xerox-Workplace-App-NP,usaz2nxws01,No
Subscription-Moog-Commercial-Dev/Test,RG-USAZ2-Corporate-Xerox-Workplace-Printserver-NP,usaz2nxwsps01,No
Subscription-Moog-Commercial-Dev/Test,databricks-rg-sfbaguiodatabricks-qsbnaxtyk4oke,5e340b01bd07473c8ac64b0855326555,No
Subscription-Moog-Commercial-Dev/Test,databricks-rg-sfbaguiodatabricks-qsbnaxtyk4oke,e4a6fd45bb364e7e8bb9b6a06dd7d4b0,No
Subscription-Moog-Commercial-Dev/Test,RG-Alex-Test,testvm,No
Subscription-Moog-Commercial-Dev/Test,RG-USAE2-Dashboard-CostaRica-Dev,usae2ddashcr01,Yes
Subscription-Moog-Commercial-Dev/Test,RG-USAE2-LN-DFRuntime-Dev,usae2dlndfrt01,No
Subscription-Moog-Commercial-Dev/Test,RG-USAE2-LN-Badge-Dev,usae2dbadge01,No
Subscription-Moog-Commercial-Dev/Test,RG-USAE2-LN-inthub-Dev,usae2dinthub01,No
Subscription-Moog-Commercial-Dev/Test,RG-USAE2-LN-DFRuntime-Test,usae2xlndfrt01,No
Subscription-Moog-Commercial-Dev/Test,RG-Moog-Shipexec-Dev,usaz2svshpexd01,No
Sub-MoogComm-Corp-Analytics-US-Prod,RG-USAE2-Analytics-IRE-MBS,usae2pint01,No
Sub-MoogComm-Corp-Analytics-US-Prod,RG-USAE2-Analytics-IRE-S4,usae2pint03,No
Sub-MoogComm-Corp-Analytics-US-Prod,RG-USAE2-Analytics-IRE-PURVIEW,usae2pint05,No
Sub-MoogComm-Corp-Analytics-US-Prod,databricks-rg-adbsusae2medwprod-r72sb6ppqezza,01aa87bcdb7a47ed8fb7e4e0c56d0094,No
Sub-MoogComm-Corp-Analytics-US-Prod,databricks-rg-adbsusae2medwprod-r72sb6ppqezza,116156e57fd349889b21192b88e8795b,No
Sub-MoogComm-Corp-Analytics-US-Prod,databricks-rg-adbsusae2medwprod-r72sb6ppqezza,30894a31c3304bb38ddcaba3a7192fb9,No
Sub-MoogComm-Corp-Analytics-US-Prod,databricks-rg-adbsusae2medwprod-r72sb6ppqezza,3da3d02c54c744908aa879df37d76f3b,No
Sub-MoogComm-Corp-Analytics-US-Prod,databricks-rg-adbsusae2medwprod-r72sb6ppqezza,4ed7612f01b546d4b0c70d07fdec9359,No
Sub-MoogComm-Corp-Analytics-US-Prod,databricks-rg-adbsusae2medwprod-r72sb6ppqezza,634f58f142244b58b9f7ebf7c7951fcf,No
Sub-MoogComm-Corp-Analytics-US-Prod,databricks-rg-adbsusae2medwprod-r72sb6ppqezza,641918e53f304925a3d99345d4a683a6,No
Sub-MoogComm-Corp-Analytics-US-Prod,databricks-rg-adbsusae2medwprod-r72sb6ppqezza,666d78c14aa24e49b11928e5b3c164dc,No
Sub-MoogComm-Corp-Analytics-US-Prod,databricks-rg-adbsusae2medwprod-r72sb6ppqezza,707d565f8c224ce2b8fa19300c8a9732,No
Sub-MoogComm-Corp-Analytics-US-Prod,databricks-rg-adbsusae2medwprod-r72sb6ppqezza,7d5785c6433347e383bdcacc24fb973d,No
Sub-MoogComm-Corp-Analytics-US-Prod,databricks-rg-adbsusae2medwprod-r72sb6ppqezza,a49982d861874ba6bff65cf00180020e,No
Sub-MoogComm-Corp-Analytics-US-Prod,databricks-rg-adbsusae2medwprod-r72sb6ppqezza,cce39461bd6142fab252afc44b8b41b3,No
Sub-MoogComm-Corp-Analytics-US-Prod,databricks-rg-adbsusae2medwprod-r72sb6ppqezza,d58a1a3106ce4246a02f4398f4ce0f48,No
Sub-MoogComm-Corp-Analytics-US-Prod,databricks-rg-adbsusae2medwprod-r72sb6ppqezza,e30710a26132443398fef9484ff82386,No
Sub-MoogComm-Corp-Analytics-US-Prod,databricks-rg-adbsusae2medwprod-r72sb6ppqezza,fbdba9592d9a47d7a25c44b648cc726d,No
Sub-MoogComm-Corp-Analytics-US-Prod,RG-USAE2-Analytics-Power-BI-Gateway,usae2pprwbi01,No
Sub-MoogComm-Corp-Analytics-US-Prod,RG-USAE2-Analytics-Power-BI-Gateway,usae2pprwbi02,No
Sub-MoogComm-Corp-Analytics-US-Prod,RG-USAE2-Analytics-EDW-01,usae2pedw01,Yes
Sub-MoogComm-Corp-Analytics-US-Prod,RG-USAE2-Analytics-EDW-01,usae2pedw02,No
Sub-MoogComm-Corp-Analytics-US-Prod,RG-USAE2-Analytics-EDW-03,usae2pedw03,No
Sub-MoogComm-Corp-Analytics-US-Prod,RG-USAE2-Analytics-EDW-03,usae2pedw04,No
Sub-MoogComm-Corp-Analytics-US-Prod,RG-USAE2-Analytics-EDW-05,usae2pedw05,No
Sub-MoogComm-Corp-Analytics-US-Prod,RG-USAE2-Analytics-EDW-05,usae2pedw06,No
Sub-MoogComm-Corp-Analytics-US-Prod,RG-USAE2-Workday-Inthub-Prod,usae2pinthub01,Yes
Sub-MoogComm-Corp-Analytics-US-Prod,RG-USAE2-Workday-Inthub-Prod,usae2pinthub02,Yes
Sub-MoogComm-Corp-Analytics-US-Prod,RG-USAZ2-Workday-Inthub-Prod,usaz2pinthub01,No
Moog-Azure-IaaS,RG-CAAZ1-Network,CAAZ1SV-VCE01,No
Moog-Azure-IaaS,RG-CAAZ1-Network,CAAZ1SVVCEJMP01,No
Moog-Azure-IaaS,RG-CAAZ1-Veeam,CAAZ1SVVLP01,No
Moog-Azure-IaaS,RG-Moog-Shipexec-Prod,usaz2svshpexp01,No
Moog-Azure-IaaS,RG-Moog-Americas-IndySoftware,usae2svindysoft,No
Moog-Azure-IaaS,RG-Moog-Americas-Tibco,usae2svtibd01,No
Moog-Azure-IaaS,RG-USAE2-OpenDNS,USAE2SVODVA01,No
Moog-Azure-IaaS,RG-USAE2-OpenDNS,USAE2SVODVA02,No
Moog-Azure-IaaS,RG-IEAZ1-Network,IEAZ1SV-VCE01,No
Moog-Azure-IaaS,RG-IEAZ1-Network,IEAZ1SVVCEJMP01,No
Moog-Azure-IaaS,RG-AUAZ1-NETWORK,AUAZ1SV-VCE01,No
Moog-Azure-IaaS,RG-AUAZ1-NETWORK,AUAZ1SVVCEJMP01,No
Moog-Azure-IaaS,RG-AUAZ1-VEEAM,AUAZ1SVVLP01,No
Moog-Azure-IaaS,RG-GBAZ1-Horizons,gbaz1svHORIZ01,No
Moog-Azure-IaaS,RG-USAE2-PRD-MDGDashboard,cral1svapplx1,No
Moog-Azure-IaaS,RG-NLAW2-PRD-MDGSolidworks,NLAW2SVMDGPDM01,No
Moog-Azure-IaaS,RG-USAE2-PRD-MDGWebApache,USAE2SVMDGWEB03,No
Moog-Azure-IaaS,RG-USAE2-PRD-MDGSharedApps,cral1svmailapp1,No
Moog-Azure-IaaS,RG-USAE2-PRD-MDGSharedApps,slmsfwebtst,No
Moog-Azure-IaaS,RG-USAE2-PRD-MDGSharedApps,USAE2SVMDGAPP01,No
Moog-Azure-IaaS,RG-USAE2-PRD-MDGCRTime,USAE2SVMDGTAA01,No
Moog-Azure-IaaS,RG-GBAZ1-Veeam,GBAZ1SVPVBOM01,No
Moog-Azure-IaaS,RG-GBAZ1-Veeam,GBAZ1SVVBOP01,No
Moog-Azure-IaaS,RG-GBAZ1-Veeam,GBAZ1SVVBOP02,No
Moog-Azure-IaaS,RG-Moog-Americas-Directory,USAE2SVCORPDC01,No
Moog-Azure-IaaS,RG-Moog-Americas-Directory,USAE2SVMOOGADDV,No
Moog-Azure-IaaS,RG-Moog-Americas-Directory,usae2svpcaasdc1,No
Moog-Azure-IaaS,RG-Moog-Americas-Directory,USAE2WAP03,No
Moog-Azure-IaaS,RG-Moog-Americas-Directory,USAE2WAP04,No
Moog-Azure-IaaS,RG-Moog-Americas-Directory,USAzureADDS01,No
Moog-Azure-IaaS,RG-Moog-Americas-Directory,USAzureADDS02,No
Moog-Azure-IaaS,RG-Moog-Americas-Directory,USAzureADFS03,No
Moog-Azure-IaaS,RG-Moog-Americas-Directory,USAzureADFS04,No
Moog-Azure-IaaS,RG-Moog-Americas-Directory,USAzureAUDC01,No
Moog-Azure-IaaS,RG-Moog-Americas-Directory,USAzureBRDC01,No
Moog-Azure-IaaS,RG-Moog-Americas-Directory,USAzureCHIDC01,No
Moog-Azure-IaaS,RG-Moog-Americas-Directory,USAzureCHTDC01,No
Moog-Azure-IaaS,RG-Moog-Americas-Directory,USAzureCNDC01,No
Moog-Azure-IaaS,RG-Moog-Americas-Directory,USAzureCORPDVDC,No
Moog-Azure-IaaS,RG-Moog-Americas-Directory,USAzureDEDC01,No
Moog-Azure-IaaS,RG-Moog-Americas-Directory,USAzureIEDC01,No
Moog-Azure-IaaS,RG-Moog-Americas-Directory,USAzureINDC01,No
Moog-Azure-IaaS,RG-Moog-Americas-Directory,USAzureITDC01,No
Moog-Azure-IaaS,RG-Moog-Americas-Directory,USAzureJPDC01,No
Moog-Azure-IaaS,RG-Moog-Americas-Directory,USAzureKRDC01,No
Moog-Azure-IaaS,RG-Moog-Americas-Directory,USAZURELPSAD01,No
Moog-Azure-IaaS,RG-Moog-Americas-Directory,USAzureLPSDEV01,No
Moog-Azure-IaaS,RG-Moog-Americas-Directory,USAzureLUDC01,No
Moog-Azure-IaaS,RG-Moog-Americas-Directory,USAzureMFA01,No
Moog-Azure-IaaS,RG-Moog-Americas-Directory,USAzureMFA02,No
Moog-Azure-IaaS,RG-Moog-Americas-Directory,USAzureMIM01,No
Moog-Azure-IaaS,RG-Moog-Americas-Directory,USAzureMINCDVDC,No
Moog-Azure-IaaS,RG-Moog-Americas-Directory,USAzureMOOGDC01,No
Moog-Azure-IaaS,RG-Moog-Americas-Directory,USAzureNLDC01,No
Moog-Azure-IaaS,RG-Moog-Americas-Directory,USAzureORRDC01,No
Moog-Azure-IaaS,RG-Moog-Americas-Directory,USAzurePHDC01,No
Moog-Azure-IaaS,RG-Moog-Americas-Directory,USAzureSGDC01,No
Moog-Azure-IaaS,RG-Moog-Americas-Directory,USAzureSLCDC01,No
Moog-Azure-IaaS,RG-Moog-Americas-Directory,USAZURESLMDC01,No
Moog-Azure-IaaS,RG-Moog-Americas-Directory,USAzureTORDC01,No
Moog-Azure-IaaS,RG-Moog-Americas-Directory,USAzureUKDC01,No
Moog-Azure-IaaS,RG-Moog-Americas-HR,USAzureHRApp01,No
Moog-Azure-IaaS,RG-Moog-Americas-iWIN,USAzureAPERIO01,No
Moog-Azure-IaaS,RG-Moog-Americas-Lansweeper,USAzureLSWP03,No
Moog-Azure-IaaS,RG-Moog-Americas-Lansweeper,USAzureLSWP04,No
Moog-Azure-IaaS,RG-Moog-Americas-LogRhythm-NGDC,USAE2LRNGDC1,No
Moog-Azure-IaaS,RG-Moog-Americas-LogRhythm-NGDC,USAE2LRNGDC2,No
Moog-Azure-IaaS,RG-Moog-Americas-LogRhythm-NGDC,USAE2LRNGDC3,No
Moog-Azure-IaaS,RG-Moog-Americas-MIMProd,USAzurePMIMDW1,No
Moog-Azure-IaaS,RG-Moog-Americas-MIMProd,USAzurePMIMSP1,No
Moog-Azure-IaaS,RG-Moog-Americas-MIMProd,USAzurePMIMSyn1,No
Moog-Azure-IaaS,RG-Moog-Americas-MIMProd,USAzurePMIMSyn2-r,No
Moog-Azure-IaaS,RG-Moog-Americas-LogRhythm,USAzureLRAIE01,No
Moog-Azure-IaaS,RG-Moog-Americas-LogRhythm,USAzureLRDC01,No
Moog-Azure-IaaS,RG-Moog-Americas-LogRhythm,usazurelrdc02,No
Moog-Azure-IaaS,RG-Moog-Americas-LogRhythm,USAZURELRDC03,No
Moog-Azure-IaaS,RG-Moog-Americas-LogRhythm,USAzureLRDP01,No
Moog-Azure-IaaS,RG-Moog-Americas-LogRhythm,USAzureLRDP02,No
Moog-Azure-IaaS,RG-Moog-Americas-LogRhythm,USAZURELRDX05,No
Moog-Azure-IaaS,RG-Moog-Americas-LogRhythm,USAzureLRJUMP01,No
Moog-Azure-IaaS,RG-Moog-Americas-LogRhythm,USAzureLRMET01,No
Moog-Azure-IaaS,RG-Moog-Americas-LogRhythm,USAzureLRPM01,No
Moog-Azure-IaaS,RG-Moog-Americas-LogRhythm,USAzureLRWUI01,No
Moog-Azure-IaaS,RG-Moog-Americas-LogRhythm,USAZURELRWUI02,No
Moog-Azure-IaaS,RG-Moog-Americas-MIMDev,USAzureDMIMDC,No
Moog-Azure-IaaS,RG-Moog-Americas-MIMDev,USAzureDMIMSvr1,No
Moog-Azure-IaaS,RG-Moog-Americas-MIMStaging,USAzureSMIMSP1,No
Moog-Azure-IaaS,RG-Moog-Americas-MIMStaging,USAzureSMIMSyn1,No
Moog-Azure-IaaS,RG-Moog-Americas-MoogWebContent,USAzureMWApp01,No
Moog-Azure-IaaS,RG-Moog-Americas-RDSFarm,USAzureRDBrkr01,No
Moog-Azure-IaaS,RG-Moog-Americas-RDSFarm,USAzureRDBrkr02,No
Moog-Azure-IaaS,RG-Moog-Americas-RDSFarm,USAzureRDSess01,No
Moog-Azure-IaaS,RG-Moog-Americas-RDSFarm,USAzureRDSess02,No
Moog-Azure-IaaS,RG-Moog-Americas-RDSFarm,USAZURERDUPD01,Yes
Moog-Azure-IaaS,RG-Moog-Americas-RDSFarm,USAZURERDUPD02,Yes
Moog-Azure-IaaS,RG-Moog-Americas-RDSFarm,USAzureRDWeb01,No
Moog-Azure-IaaS,RG-Moog-Americas-RDSFarm,USAzureRDWeb02,Yes
Moog-Azure-IaaS,RG-Moog-Americas-ServiceNow,USAE2SVDMIDSN01,No
Moog-Azure-IaaS,RG-Moog-Americas-ServiceNow,usae2svpmidsn01,No
Moog-Azure-IaaS,RG-Moog-Americas-SLMPro2,USAZURESLMPY1,No
Moog-Azure-IaaS,RG-Moog-Americas-SQLHA,USAzureSQL16FSW,No
Moog-Azure-IaaS,RG-Moog-Americas-SQLHA,USAzureSQL16P1,No
Moog-Azure-IaaS,RG-Moog-Americas-SQLHA,USAzureSQL16P2,No
Moog-Azure-IaaS,RG-Moog-Americas-SQLHA,USAZURESQL16P3,No
Moog-Azure-IaaS,RG-Moog-Americas-SquidProxy,USAE2PROXY01,No
Moog-Azure-IaaS,RG-Moog-Americas-SquidProxy,USAE2PROXY02,No
Moog-Azure-IaaS,RG-Moog-Americas-System,USAzureMCGPrint,No
Moog-Azure-IaaS,RG-Moog-Americas-TomCat,USAzureDEVTC01,No
Moog-Azure-IaaS,RG-Moog-Americas-UC4,usae2svtswf01,No
Moog-Azure-IaaS,RG-Moog-Americas-UC4,usae2svtswf02,No
Moog-Azure-IaaS,RG-Moog-Americas-Valtech,USAzureDEVVT1,No
Moog-Azure-IaaS,RG-Moog-Americas-VSTS,USAZUREBLDR01,No
Moog-Azure-IaaS,RG-Moog-SLMCustomerPortal,USAzureSLMCP1,No
Moog-Azure-IaaS,RG-Moog-SLMCustomerPortal,USAzureSLMCP2,No
Moog-Azure-IaaS,RG-NLAW2-Jenkins,NLAW2WKSQA,No
Moog-Azure-IaaS,RG-NLAW2-ServiceNOW,NLAW2SVDMIDSN01,No
Moog-Azure-IaaS,RG-NLAW2-ServiceNOW,NLAW2SVPMIDSN01,No
Moog-Azure-IaaS,RG-NLAW2-ServiceNOW,NLAW2SVPMIDSN02,No
Moog-Azure-IaaS,RG-NLAW2-ServiceNOW,NLAW2SVPMIDSN03,No
Moog-Azure-IaaS,RG-NLAW2-SLMDEV,NLAW2SVSLMDev1,No
Moog-Azure-IaaS,RG-NLAW2-Veeam,nlaw2svemeavbr1,No
Moog-Azure-IaaS,RG-NLAW2-Veeam,NLAW2SVPVBOM01,No
Moog-Azure-IaaS,RG-NLAW2-Veeam,nlaw2svvbop01,No
Moog-Azure-IaaS,RG-NLAW2-Veeam,nlaw2svvlp02,No
Moog-Azure-IaaS,RG-NLAW2-Veeam,nlaw2svvsql01,No
Moog-Azure-IaaS,RG-SGAZ1-Network,SGAZ1SV-VCE01,No
Moog-Azure-IaaS,RG-SGAZ1-Network,SGAZ1SVVCEJMP01,No
Moog-Azure-IaaS,RG-SGAZ1-ServiceNOW,SGAZ1SVDMIDSN01,No
Moog-Azure-IaaS,RG-SGAZ1-ServiceNOW,SGAZ1SVPMIDSN01,No
Moog-Azure-IaaS,RG-SGAZ1-ServiceNOW,SGAZ1SVPMIDSN02,No
Moog-Azure-IaaS,RG-SGAZ1-ServiceNOW,SGAZ1SVPMIDSN03,No
Moog-Azure-IaaS,RG-SGAZ1-TeamCenter,SGAZ1SVTCKR01,No
Moog-Azure-IaaS,RG-SGAZ1-Veeam,sgaz1svapacvbr1,No
Moog-Azure-IaaS,RG-SGAZ1-Veeam,sgaz1svcnvbr1,No
Moog-Azure-IaaS,RG-SGAZ1-Veeam,SGAZ1SVPVBOM01,No
Moog-Azure-IaaS,RG-SGAZ1-Veeam,sgaz1svvbop01,No
Moog-Azure-IaaS,RG-SGAZ1-Veeam,sgaz1svvlp01,No
Moog-Azure-IaaS,RG-SGAZ1-Veeam,sgaz1svvsql01,No
Moog-Azure-IaaS,RG-USAE2-AAD_Connect,USAE2SVAADCON01,No
Moog-Azure-IaaS,RG-USAE2-AzureDataGateway,USAE2SVAZDGW01,No
Moog-Azure-IaaS,RG-USAE2-AzureDataGateway,USAE2SVAZDGW03,No
Moog-Azure-IaaS,RG-USAE2-AzureDataGateway,USAE2SVDGW02,No
Moog-Azure-IaaS,RG-USAE2-Aircraft_Command_Center_Analytics,USAE2SVCCADEV01,No
Moog-Azure-IaaS,RG-USAE2-Citrix,USAE2SVCITXFL01,No
Moog-Azure-IaaS,RG-USAE2-Certificate_Services,USAE2SVCESCEP1,No
Moog-Azure-IaaS,RG-USAE2-HCM,USAE2SVHCM01,No
Moog-Azure-IaaS,RG-USAE2-HCM,USAZUREHCM02,No
Moog-Azure-IaaS,RG-USAE2-NameSpace-CORP,USAE2SVDFS01,No
Moog-Azure-IaaS,RG-USAE2-OnBase,USAE2SVOBDV01,No
Moog-Azure-IaaS,RG-USAE2-OnBase,usae2svobfs01,No
Moog-Azure-IaaS,RG-USAE2-OnBase,usae2svobrs01,No
Moog-Azure-IaaS,RG-USAE2-OnBase,usae2svobws01,No
Moog-Azure-IaaS,RG-USAE2-SFTP,usae2psftp01,Yes
Moog-Azure-IaaS,RG-USAE2-SFTP,usae2svsftp01,No
Moog-Azure-IaaS,RG-USAE2-PRD-MDGSharedSQL,cral1svsql01v,No
Moog-Azure-IaaS,RG-USAE2-XDM,USAzureXDM01,No
Moog-Azure-IaaS,RG-USAE2-Veeam,USAE2SVVBOM01,No
Moog-Azure-IaaS,RG-USAE2-Veeam,USAE2SVVONE01,No
Moog-Azure-IaaS,RG-USAZ2-Directory,usaz2svpcaasdc1,No
Moog-Azure-IaaS,RG-USAZ2-NDES,USAzureNDES,No
Moog-Azure-IaaS,RG-USEA2-AzureMigrationASP,usae2svaspdv1,No
Moog-Azure-IaaS,RG-USEA2-AzureMigrationASP,usae2svaspp01,No
Moog-Azure-IaaS,RG-USEA2-AzureMigrationASP,usae2svaspqa1,No
Moog-Azure-IaaS,RG-USAE2-PRD-MDGDW,slmdw2,No
Moog-Azure-IaaS,RG-USAE2-MBS-Gateway,USAE2SVSAPPGW01,No
Moog-Azure-IaaS,RG-USAE2-MBS-Gateway,USAE2SVSAPPGW02,No
Moog-Azure-IaaS,RG-USAE2-MBS-Gateway,USAE2SVSAPQGW01,No
Moog-Azure-IaaS,RG-GBAZ1-Luton-ERP-WINMAN,GBAZ1SVLTNSQL01,No
Moog-Azure-IaaS,RG-GBAZ1-IndySoft,GBAZ1SVINDYSP01,No
Moog-Azure-IaaS,RG-GBAZ1-POWERBI-REPORT-NP,GBAZ1SVNPPBIR01,No
Moog-Azure-IaaS,RG-GBAZ1-POWERBI-REPORT-NP,GBAZ1SVNPPBIR02,No
Moog-Azure-IaaS,RG-GBAZ1-Directory,GBAZ1SVPSAPIG01,No
Moog-Azure-IaaS,RG-GBAZ1-Corp-ISOMA-Application,gbaz1pisoma01,No
Moog-Azure-IaaS,RG-CAAZ1-Veeam-Backup-Storage-Proxy,caaz1plivlr01,No
Moog-Azure-IaaS,RG-CAAZ1-SAP-OTAC-SQL,caaz1potacsql01,No
Moog-Azure-IaaS,RG-CAAZ1-SAP-OTAC-SQL-Test,caaz1xotacsql01,No
Moog-Azure-IaaS,RG-CAAZ1-IGSAP-OpenText-ArchiveCenter,caaz1pxecm01,No
Moog-Azure-IaaS,RG-CAAZ1-IGSAP-OpenText-ArchiveCenter-Test,caaz1xxecm01,No
Moog-Azure-IaaS,RG-USAE2-TIBCO_SPOTFIRE-DEV,USAE2SVTIBCOD01,No
Moog-Azure-IaaS,RG-USAE2-ESAR-PROD,USAE2SVESARP01,No
Moog-Azure-IaaS,RG-USAE2-Onestream-DEV,USAE2SVOSCOND01,No
Moog-Azure-IaaS,RG-USAE2-Onestream-DEV,USAE2SVOSFSD01,No
Moog-Azure-IaaS,RG-USAE2-Onestream-DEV,USAE2SVOSGSD01,No
Moog-Azure-IaaS,RG-USAE2-Onestream-DEV,USAE2SVOSRSD01,No
Moog-Azure-IaaS,RG-USAE2-Onestream-DEV,USAE2SVOSWEBD01,No
Moog-Azure-IaaS,RG-USAE2-ReACT-Prod,USAE2SVREACTP01,No
Moog-Azure-IaaS,RG-USAE2-Security-Hybrid_Worker-Prod,USAE2SVSHYBWP01,No
Moog-Azure-IaaS,RG-USAE2-LCD-DEMO,USAE2SVTDEMO01,No
Moog-Azure-IaaS,RG-USAE2-UiPathOrchestrator-Prod,USAE2SVUIBEDP01,No
Moog-Azure-IaaS,RG-USAE2-UiPathOrchestrator-Prod,USAE2SVUIBOTP01,No
Moog-Azure-IaaS,RG-USAE2-UiPathOrchestrator-Prod,USAE2SVUIBOTP02,No
Moog-Azure-IaaS,RG-USAE2-UiPathOrchestrator-Prod,USAE2SVUIBOTP03,No
Moog-Azure-IaaS,RG-USAE2-UiPathOrchestrator-Prod,USAE2SVUIBOTP04,No
Moog-Azure-IaaS,RG-USAE2-UiPathOrchestrator-Prod,USAE2SVUIOESP01,No
Moog-Azure-IaaS,RG-USAE2-UiPathOrchestrator-Prod,USAE2SVUIORWP01,No
Moog-Azure-IaaS,RG-USAE2-SCCM-Prod,USAE2SVSCCMDP01,No
Moog-Azure-IaaS,RG-USAE2-Onestream-QA,USAE2SVOSFSQ01,Yes
Moog-Azure-IaaS,RG-USAE2-Onestream-QA,USAE2SVQOSCON01,Yes
Moog-Azure-IaaS,RG-USAE2-Onestream-QA,USAE2SVQOSCON02,No
Moog-Azure-IaaS,RG-USAE2-Onestream-QA,USAE2SVQOSCON03,No
Moog-Azure-IaaS,RG-USAE2-Onestream-QA,USAE2SVQOSCON04,No
Moog-Azure-IaaS,RG-USAE2-Onestream-QA,USAE2SVQOSGS01,No
Moog-Azure-IaaS,RG-USAE2-Onestream-QA,USAE2SVQOSGS02,No
Moog-Azure-IaaS,RG-USAE2-Onestream-QA,USAE2SVQOSGS03,No
Moog-Azure-IaaS,RG-USAE2-Onestream-QA,USAE2SVQOSGS04,No
Moog-Azure-IaaS,RG-USAE2-Onestream-QA,USAE2SVQOSRS01,No
Moog-Azure-IaaS,RG-USAE2-Onestream-QA,USAE2SVQOSRS02,No
Moog-Azure-IaaS,RG-USAE2-Onestream-QA,USAE2SVQOSRS03,No
Moog-Azure-IaaS,RG-USAE2-Onestream-QA,USAE2SVQOSRS04,No
Moog-Azure-IaaS,RG-USAE2-Onestream-QA,USAE2SVQOSWEB01,No
Moog-Azure-IaaS,RG-USAE2-Onestream-QA,USAE2SVQOSWEB02,No
Moog-Azure-IaaS,RG-USAE2-Onestream-QA,USAE2SVQOSWEB03,No
Moog-Azure-IaaS,RG-USAE2-Onestream-QA,USAE2SVQOSWEB04,No
Moog-Azure-IaaS,RG-USAE2-FloorPlanMapper-Prod,USAE2SVFPMAPP01,No
Moog-Azure-IaaS,RG-USAE2-CIMCO-Test,USAE2SVTCIMCO01,No
Moog-Azure-IaaS,RG-USAE2-AutoTime-Services,usae2svpatsvc01,Yes
Moog-Azure-IaaS,RG-USAE2-AutoTime-Services,usae2svpatsvc02,Yes
Moog-Azure-IaaS,RG-USAE2-AutoTime-WebClock,usae2svpatwebclk01,Yes
Moog-Azure-IaaS,RG-USAE2-AutoTime-WebClock,usae2svpatwebclk02,Yes
Moog-Azure-IaaS,RG-USAE2-AutoTime-DataFactory,usae2svpatadf01,Yes
Moog-Azure-IaaS,RG-USAE2-AutoTime-DataFactory,usae2svpatadf02,Yes
Moog-Azure-IaaS,RG-USAE2-OneStream-Prod,USAE2SVPOSCON01,Yes
Moog-Azure-IaaS,RG-USAE2-OneStream-Prod,USAE2SVPOSCON02,Yes
Moog-Azure-IaaS,RG-USAE2-OneStream-Prod,USAE2SVPOSCON03,Yes
Moog-Azure-IaaS,RG-USAE2-OneStream-Prod,USAE2SVPOSCON04,Yes
Moog-Azure-IaaS,RG-USAE2-OneStream-Prod,USAE2SVPOSFS01,Yes
Moog-Azure-IaaS,RG-USAE2-OneStream-Prod,USAE2SVPOSGS01,Yes
Moog-Azure-IaaS,RG-USAE2-OneStream-Prod,USAE2SVPOSGS02,Yes
Moog-Azure-IaaS,RG-USAE2-OneStream-Prod,USAE2SVPOSGS03,Yes
Moog-Azure-IaaS,RG-USAE2-OneStream-Prod,USAE2SVPOSGS04,Yes
Moog-Azure-IaaS,RG-USAE2-OneStream-Prod,USAE2SVPOSRS01,Yes
Moog-Azure-IaaS,RG-USAE2-OneStream-Prod,USAE2SVPOSRS02,Yes
Moog-Azure-IaaS,RG-USAE2-OneStream-Prod,USAE2SVPOSRS03,Yes
Moog-Azure-IaaS,RG-USAE2-OneStream-Prod,USAE2SVPOSRS04,Yes
Moog-Azure-IaaS,RG-USAE2-OneStream-Prod,USAE2SVPOSWEB01,Yes
Moog-Azure-IaaS,RG-USAE2-OneStream-Prod,USAE2SVPOSWEB02,Yes
Moog-Azure-IaaS,RG-USAE2-OneStream-Prod,USAE2SVPOSWEB03,Yes
Moog-Azure-IaaS,RG-USAE2-OneStream-Prod,USAE2SVPOSWEB04,Yes
Moog-Azure-IaaS,RG-USAE2-AutoTime-Application,usae2svpatweb01,Yes
Moog-Azure-IaaS,RG-USAE2-AutoTime-Application,usae2svpatweb02,Yes
Moog-Azure-IaaS,RG-USAE2-AutoTime-Keycloak,usae2svpatkc01,Yes
Moog-Azure-IaaS,RG-USAE2-AutoTime-Keycloak,usae2svpatkc02,Yes
Moog-Azure-IaaS,RG-USAE2-Okta-ADAgent,USAE2SVPOKTAD01,No
Moog-Azure-IaaS,RG-USAE2-Vaisala-viewLinc,USAE2SVPVLINC01,No
Moog-Azure-IaaS,RG-USAE2-PaloAlto-UserIDAgent,USAE2SVPPAUID01,No
Moog-Azure-IaaS,RG-USAE2-PaloAlto-UserIDAgent,USAE2SVPPAUID02,No
Moog-Azure-IaaS,RG-USAE2-WS1-SEG,USAE2SVPWS1EG01,No
Moog-Azure-IaaS,RG-USAE2-WS1-SEG,USAE2SVPWS1EG02,No
Moog-Azure-IaaS,RG-USAE2-WS1-SEG,USAE2SVPWS1EG03,No
Moog-Azure-IaaS,RG-USAE2-WS1-SEG,USAE2SVPWS1EG04,No
Moog-Azure-IaaS,RG-USAE2-Security-BeyondTrust-Remote-Support,usae2svpbtrs01,No
Moog-Azure-IaaS,RG-USAE2-Security-BeyondTrust-Remote-Support,usae2svpbtrs02,No
Moog-Azure-IaaS,RG-USAE2-Security-BeyondTrust-Management,usae2psecbtmt01,No
Moog-Azure-IaaS,RG-USAE2-AZSyn-Dev,USAE2SVDAZSYN01,No
Moog-Azure-IaaS,RG-USAE2-Directory,USAE2SVPSAPIG01,No
Moog-Azure-IaaS,RG-USAE2-SERVICENOW,USAE2SVPMDSN01,No
Moog-Azure-IaaS,RG-USAE2-SERVICENOW,USAE2SVPMDSN02,No
Moog-Azure-IaaS,RG-USAE2-Corporate-Xerox,usae2pxdm01,No
Moog-Azure-IaaS,RG-USAE2-DevOps-DevOps-Agent,usae2svpazdo01,No
Moog-Azure-IaaS,RG-USAE2-Corporate-SharePoint2013-Migration,usae2psp01,No
Moog-Azure-IaaS,RG-USAE2-Corporate-SharePoint2013-Migration,usae2psp02,No
Moog-Azure-IaaS,RG-USAE2-Corporate-SQL2019-Dev,usae2d19sql01,No
Moog-Azure-IaaS,RG-USAE2-Corporate-SQL2019,usae2p19sql01,No
Moog-Azure-IaaS,RG-USAE2-Automic-Engine,usae2pautapp01,Yes
Moog-Azure-IaaS,RG-USAE2-Automic-Engine,usae2pautapp02,Yes
Moog-Azure-IaaS,RG-USAE2-Corp-LogRhythm-Data-Index,usae2plrdx06,No
Moog-Azure-IaaS,RG-USAE2-Corp-LogRhythm-Data-Index,usae2plrdx07,No
Moog-Azure-IaaS,RG-USAE2-Corp-LogRhythm-Data-Index,usae2plrdx08,No
Moog-Azure-IaaS,RG-USAE2-Corp-LogRhythm-Data-Index,usae2plrdx09,No
Moog-Azure-IaaS,RG-USAE2-Security-CA-Issuing-Server,usae2pcrtath01,No
Moog-Azure-IaaS,RG-USAE2-Corporate-PrintSystem-CostaRica,usae2pprntsys01,No
Moog-Azure-IaaS,RG-USAE2-Security-Nexpose-Rapid7,usae2pnexpose01,No
Moog-Azure-IaaS,RG-USAE2-SLM-Pro2-Prod,usae2pslmpro01,No
Moog-Azure-IaaS,RG-USAE2-Shared-WebApplication-Prod,usae2padfs07,No
Moog-Azure-IaaS,RG-USAE2-Shared-WebApplication-Prod,usae2padfs08,No
Moog-Azure-IaaS,RG-USAE2-LN-DFRuntime-Prod,usae2plndfrt01,No
Moog-Azure-IaaS,RG-USAE2-Identity-Corp-DC,USAE2SVCORPDC01,No
Moog-Azure-IaaS,RG-USAE2-Corp-SFTP,usae2psftp01,Yes
Moog-Azure-IaaS,RG-USAE2-Corporate-SFTPTest,usae2psftpnettest01,No
Moog-Azure-IaaS,RG-USAE2-Dynatrace-Dyna,usae2xdynatrc01,No
Moog-Azure-IaaS,RG-USAE2-Indysoft-App-Test,usae2xindysft01,Yes
Moog-Azure-IaaS,RG-USAE2-corp-slm-python-scripts-01,usae2svpscrpt01,No
Moog-Azure-IaaS,RG-USAE2-corp-slm-python-scripts-02,usae2svpslmpy01,No
Moog-Azure-IaaS,RG-USAE2-Veeam-SQL-Application,usae2svpvsql01,No
Moog-Azure-IaaS,RG-USAE2-Shared-MCGADF-Prod,usae2pmcgadf01,No
Moog-Azure-IaaS,RG-USAZ2-Onestream-QA,USAZ2SVOSFSQ01,No
Moog-Azure-IaaS,RG-USAZ2-Onestream-Prod,USAZ2SVPOSFS01,Yes
Moog-Azure-IaaS,RG-USAZ2-AutoTime-DataFactory,usaz2svpatadf01,Yes
Moog-Azure-IaaS,RG-USAZ2-AutoTime-DataFactory,usaz2svpatadf02,Yes
Moog-Azure-IaaS,RG-DEAZ1-Veeam-Backup-Storage-Proxy,deaz1plivlr01,No
Moog-Azure-IaaS,RG-NLAW2-Payroll-Nugget-Application,nlaw2pnugg01,No
Moog-Azure-IaaS,RG-DEAZ1-Security-Nexpose-Rapid7,deaz1pnexpose01,No
Moog-Azure-IaaS,RG-SGAZ1-Logrhythm,SGAZ1SVLRDC01,No
Moog-Azure-IaaS,RG-SGAZ1-Delta_Enteral_Pump-Dev,SGAZ1SVDEIPSD01,No
Moog-Azure-IaaS,RG-SGAZ1-Teamcenter-Prod,SGAZ1SVPTCVOL01,No
Moog-Azure-IaaS,RG-SGAZ1-PaloAlto-UserIDAgent,SGAZ1SVPPAUID01,No
Moog-Azure-IaaS,RG-SGAZ1-PaloAlto-UserIDAgent,SGAZ1SVPPAUID02,No
Moog-Azure-IaaS,RG-SGAZ1-Veeam-China,veeam-linux-helper-appliance-ht4xp,No
Moog-Azure-IaaS,RG-SGAZ1-LNSWP-APAC-PROD,SGAZ1SVPLSAPC01,No
Moog-Azure-IaaS,RG-SGAZ1-LNSWP-APAC-PROD,SGAZ1SVPLSAPC02,No
Moog-Azure-IaaS,RG-SGAZ1-Veeam-Backup-Storage-Proxy,sgaz1plivlr01,No
Moog-Azure-IaaS,RG-SGAZ1-SGSI1-DataCenter,sgsi1svfil01,No
Moog-Azure-IaaS,RG-AUAZ1-Veeam-Backup-Storage-Proxy,auaz1plivlr01,No
Moog-Azure-IaaS,RG-NLAW2-PaloAlto-UserIDAgent,NLAW2SVPPAUID01,No
Moog-Azure-IaaS,RG-NLAW2-PaloAlto-UserIDAgent,NLAW2SVPPAUID02,No
Moog-Azure-IaaS,RG-NLAW2-SLM-CURLIN,NLAW2SVPCURL801,No
Moog-Azure-IaaS,RG-NLAW2-SLM-CURLIN,NLAW2SVPCURL802,No
Moog-Azure-IaaS,RG-NLAW2-Veeam-Backup-Storage-Proxy,nlaw2plivlr01,No
Moog-Azure-IaaS,RG-NLAW2-LNSWP-EMEA-PROD,NLAW2SVPLSEMA01,No
Moog-Azure-IaaS,RG-NLAW2-LNSWP-EMEA-PROD,NLAW2SVPLSEMA02,No
Moog-Azure-IaaS,RG-NLAW2-IG-SharePoint-Migration,nlaw2psp01,No
Moog-Azure-IaaS,RG-NLAW2-Security-CA-Issuing-Server,nlaw2pcrtath01,No
Moog-Azure-IaaS,RG-NLAW2-IG-China-TestStand,nlaw2ptststnd01,No
Moog-Azure-IaaS,RG-NLAW2-IG-SLM-SQL2019,nlaw2pslmsql01,No
Moog-Azure-IaaS,veeam-auto-0550518f-5049-4cf4-a9c3-74ca749950cf,veeam-proxy-appliance-2b31e5c0-371c-4321-b271-044cba6fc7c7,No
Moog-Azure-IaaS,veeam-auto-0550518f-5049-4cf4-a9c3-74ca749950cf,veeam-proxy-appliance-597fe352-1684-44d4-9e99-a3db93423b18,No
Moog-Azure-IaaS,RG-GBAZ1-MCG-BI,gbaz1svdfactd01,No
Moog-Azure-IaaS,RG-GBAZ1-MCG-BI,gbaz1svdfactp01,No
Moog-Azure-IaaS,RG-GBAZ1-HCM,GBAZ1SVHCMD01,No
Moog-Azure-IaaS,RG-GBAZ1-HCM,GBAZ1SVHCMP01,No
Moog-Azure-IaaS,RG-USAE2-MCG-BI,usae2svdfactd01,No
Moog-Azure-IaaS,RG-USAE2-MCG-BI,usae2svdfactp01,No
Moog-Azure-IaaS,RG-Moog-Americas-HAProxy,USAE2HAPROXY1,No
Moog-Azure-IaaS,RG-Moog-Americas-HAProxy,USAE2HAPROXY2,No
Moog-Azure-IaaS,RG-Moog-Central-AAA,usaz2svacard01,No
Moog-Azure-IaaS,RG-DEAZ1-Network,DEAZ1SV-VCE01,No
Moog-Azure-IaaS,RG-DEAZ1-Network,DEAZ1SVVCEJMP01,No
Moog-Azure-IaaS,RG-DEAZ1-Veeam,deaz1svvbop01,No
Moog-Azure-IaaS,RG-DEAZ1-Veeam,DEAZ1SVVLP01,No
Sub-MoogComm-Corp-Analytics-UK-Prod,RG-GBAZ1-Analytics-IRE,gbaz1pint01,Yes
Sub-MoogComm-Corp-Analytics-UK-Prod,RG-GBAZ1-Analytics-Power-BI-Gateway,gbaz1pprwbi01,No
Sub-MoogComm-Corp-Analytics-UK-Prod,RG-GBAZ1-Analytics-Power-BI-Gateway,gbaz1pprwbi02,No
Sub-MoogComm-Corp-Analytics-UK-Prod,RG-GBAZ1-Analytics-EDW-01,gbaz1pedw01,No
Sub-MoogComm-Corp-Analytics-UK-Prod,RG-GBAZ1-Analytics-EDW-01,gbaz1pedw02,No
Sub-Moog-IG-SAP-NonProd,RG-GBAZ1-IGSAP-SAP-DB-HANA-BW4-Dev,gb1dbw4db01,No
Sub-Moog-IG-SAP-NonProd,RG-GBAZ1-IGSAP-SAP-DB-HANA-BW4-QA,gb1qbw4db01,No
Sub-Moog-IG-SAP-NonProd,RG-GBAZ1-IGSAP-SAP-AS-BW4-QA,gb1qbw401,No
Sub-Moog-IG-SAP-NonProd,RG-GBAZ1-IGSAP-SAP-AS-BODS-QA,gb1qbods01,No
Sub-Moog-IG-SAP-NonProd,RG-GBAZ1-IGSAP-SAP-DB-BODS-QA,gb1qbodsdb01,No
Sub-Moog-IG-SAP-NonProd,RG-GBAZ1-IGSAP-SAP-AS-BW4-Dev,gb1dbw401,No
Sub-Moog-IG-SAP-NonProd,RG-GBAZ1-IGSAP-SAP-AS-BODS-Dev,gb1dbods01,No
Sub-Moog-IG-SAP-NonProd,RG-GBAZ1-IGSAP-SAP-SFTP-NP,gb1nsftp01,No
Sub-Moog-IG-SAP-NonProd,RG-GBAZ1-IGSAP-SAP-MFGPro-IRE-Dev,gb1dmfgpro01,No
Sub-Moog-IG-SAP-NonProd,RG-GBAZ1-IGSAP-SAP-SQL-TEST-Dev,gbaz1svdsqlt01,No
Sub-Moog-IG-SAP-Prod,RG-GBAZ1-IGSAP-SAP-DB-HANA-BW4,gb1pbw4db01,No
Sub-Moog-IG-SAP-Prod,RG-GBAZ1-IGSAP-SAP-DB-BODS,gb1pbodsdb01,No
Sub-Moog-IG-SAP-Prod,RG-GBAZ1-IGSAP-SAP-AS-BODS,gb1pbods01,No
Sub-Moog-IG-SAP-Prod,RG-GBAZ1-IGSAP-SAP-AS-BW4,gb1pbw401,No
Sub-Moog-IG-SAP-Prod,RG-GBAZ1-IGSAP-SAP-SFTP,gb1psftp01,No
Sub-Moog-IG-SAP-Prod,RG-GBAZ1-IGSAP-SAP-MFGPro-IRE,gb1pmfgpro01,No
Sub-MoogComm-GenerativeAI-NonProd,RG-USAE2-GEN-AI-DEVVM-D,lvm-ilab-test-d,No
Sub-MoogComm-SmartFactory-Dev,rg-USAE2-FAC-PLA-2-MANAGEMENT-D,vm-usae2-fac-pla-2-d,No
Sub-MoogComm-SmartFactory-Prod,rg-GBAZ1-FAC-PLA-MANAGEMENT-P,vm-gbaz1-fac-pla-p,No
Sub-MoogComm-SmartFactory-Prod,rg-INDC1-FAC-PLA-MANAGEMENT-P,vm-indc1-fac-pla-p,No
Sub-MoogComm-SmartFactory-Prod,rg-USAE2-FAC-PLA-MANAGEMENT-P,vm-usae2-fac-pla-p,No
Sub-Moog-AD-SAP-NonProd,RG-GBAZ1-ADSAP-3-Solumina-ActiveMQ-QA,gbaz1svq3solm01,No
Sub-Moog-AD-SAP-NonProd,RG-GBAZ1-ADSAP-Solumina-Bastion-NP,gbaz1svnsolba01,No
Sub-Moog-AD-SAP-NonProd,RG-GBAZ1-ADSAP-Solumina-ActiveMQ-Trn,gbaz1svtsolm01,No
Sub-Moog-AD-SAP-NonProd,RG-GBAZ1-ADSAP-Solumina-ActiveMQ-QA,gbaz1svqsolm01,No
Sub-Moog-AD-SAP-Prod,RG-GBAZ1-ADSAP-Solumina-Bastion,gbaz1svpsolba01,No
Sub-Moog-AD-SAP-Prod,RG-GBAZ1-ADSAP-Solumina-ActiveMQ,gbaz1svpsolm01,No
Sub-Moog-AD-SAP-Prod,RG-GBAZ1-ADSAP-Solumina-ActiveMQ-Prep,gbaz1svrsolm01,No
Sub-Moog-Commercial-EndUserVirtualization-Prod,RG-NLAW2-Citrix-Infrastruture-CloudConnectors-Prod,NLAW2SVPXCCC001,No
Sub-Moog-Commercial-EndUserVirtualization-Prod,RG-NLAW2-Citrix-Infrastruture-CloudConnectors-Prod,NLAW2SVPXCCC002,No
Sub-Moog-Commercial-EndUserVirtualization-Prod,RG-NLAW2-Citrix-Infrastruture-CloudConnectors-Prod,NLAW2SVPXCCC003,No
Sub-Moog-Commercial-EndUserVirtualization-Prod,RG-NLAW2-Citrix-Infrastruture-FAS-Prod,NLAW2SVPXFAS001,No
Sub-Moog-Commercial-EndUserVirtualization-Prod,RG-NLAW2-Citrix-Infrastruture-FAS-Prod,NLAW2SVPXFAS002,No
Sub-Moog-Commercial-EndUserVirtualization-Prod,RG-NLAW2-Citrix-Infrastruture-Storage-Prod,NLAW2SVPXDFS001,No
Sub-Moog-Commercial-EndUserVirtualization-Prod,RG-NLAW2-Citrix-Infrastruture-Storage-Prod,NLAW2SVPXDFS002,No
Sub-Moog-Commercial-EndUserVirtualization-Prod,RG-NLAW2-Citrix-Infrastruture-Storage-Prod,NLAW2SVPXDFS003,No
Sub-Moog-Commercial-EndUserVirtualization-Prod,RG-NLAW2-Citrix-Infrastruture-MasterImages-Prod,NLAW2SVPXSDP000,No
Sub-Moog-Commercial-EndUserVirtualization-Prod,RG-NLAW2-Citrix-Infrastruture-MasterImages-Prod,NLAW2SVPXSHD000,No
Sub-Moog-Commercial-EndUserVirtualization-Prod,RG-NLAW2-Citrix-Infrastruture-MasterImages-Prod,NLAW2SVPXVDN000,No
Sub-Moog-Commercial-EndUserVirtualization-Prod,RG-NLAW2-Citrix-Infrastruture-MasterImages-Prod,NLAW2SVPXVDP000,No
Sub-Moog-Commercial-EndUserVirtualization-Prod,RG-NLAW2-Citrix-Infrastruture-MasterImages-Prod,NLAW2WKPXVDP000,No
Sub-Moog-Commercial-EndUserVirtualization-Prod,rg-nlaw2-citrix-infrastruture-virtualdesktops-prod02,NLAW2SDXVDP01,No
Sub-Moog-Commercial-EndUserVirtualization-Prod,rg-nlaw2-citrix-infrastruture-virtualdesktops-prod02,NLAW2SDXVDP07,No
Sub-Moog-Commercial-EndUserVirtualization-Prod,rg-nlaw2-citrix-infrastruture-virtualdesktops-prod02,NLAW2SDXVDP14,No
Sub-Moog-Commercial-EndUserVirtualization-Prod,rg-nlaw2-citrix-infrastruture-virtualdesktops-prod02,NLAW2SDXVDP15,No
Sub-Moog-Commercial-EndUserVirtualization-Prod,rg-nlaw2-citrix-infrastruture-virtualdesktops-prod02,NLAW2SDXVDP16,No
Sub-Moog-Commercial-EndUserVirtualization-Prod,rg-nlaw2-citrix-infrastruture-virtualdesktops-prod02,NLAW2SDXVDP21,No
Sub-Moog-Commercial-EndUserVirtualization-Prod,rg-nlaw2-citrix-infrastruture-virtualdesktops-prod02,NLAW2SDXVDP22,No
Sub-Moog-Commercial-EndUserVirtualization-Prod,rg-nlaw2-citrix-infrastruture-virtualdesktops-prod02,NLAW2SDXVDP23,No
Sub-Moog-Commercial-EndUserVirtualization-Prod,rg-nlaw2-citrix-infrastruture-virtualdesktops-prod02,NLAW2SDXVDP24,No
Sub-Moog-Commercial-EndUserVirtualization-Prod,rg-nlaw2-citrix-infrastruture-virtualdesktops-prod02,NLAW2SDXVDP26,No
Sub-Moog-Commercial-EndUserVirtualization-Prod,rg-nlaw2-citrix-infrastruture-virtualdesktops-prod04,NLAW2SVPXVDP007,No
Sub-Moog-Commercial-EndUserVirtualization-Prod,rg-nlaw2-citrix-infrastruture-virtualdesktops-prod04,NLAW2SVPXVDP028,No
Sub-Moog-Commercial-EndUserVirtualization-Prod,rg-nlaw2-citrix-infrastruture-virtualdesktops-prod04,NLAW2SVPXVDP030,No
Sub-Moog-Commercial-EndUserVirtualization-Prod,rg-nlaw2-citrix-infrastruture-virtualdesktops-prod04,NLAW2SVPXVDP031,No
Sub-Moog-Commercial-EndUserVirtualization-Prod,rg-nlaw2-citrix-infrastruture-virtualdesktops-prod04,NLAW2SVPXVDP033,No
Sub-Moog-Commercial-EndUserVirtualization-Prod,rg-nlaw2-citrix-infrastruture-virtualdesktops-prod04,NLAW2SVPXVDP035,No
Sub-Moog-Commercial-EndUserVirtualization-Prod,rg-nlaw2-citrix-infrastruture-virtualdesktops-prod04,NLAW2SVPXVDP036,No
Sub-Moog-Commercial-EndUserVirtualization-Prod,rg-nlaw2-citrix-infrastruture-virtualdesktops-prod04,NLAW2SVPXVDP037,No
Sub-Moog-Commercial-EndUserVirtualization-Prod,rg-nlaw2-citrix-infrastruture-virtualdesktops-prod04,NLAW2SVPXVDP039,No
Sub-Moog-Commercial-EndUserVirtualization-Prod,rg-nlaw2-citrix-infrastruture-virtualdesktops-prod04,NLAW2SVPXVDP040,No
Sub-Moog-Commercial-EndUserVirtualization-Prod,rg-nlaw2-citrix-infrastruture-virtualdesktops-prod04,NLAW2SVPXVDP044,No
Sub-Moog-Commercial-EndUserVirtualization-Prod,rg-nlaw2-citrix-infrastruture-virtualdesktops-prod04,NLAW2SVPXVDP045,No
Sub-Moog-Commercial-EndUserVirtualization-Prod,rg-nlaw2-citrix-infrastruture-virtualdesktops-prod04,NLAW2SVPXVDP046,No
Sub-Moog-Commercial-EndUserVirtualization-Prod,rg-nlaw2-citrix-infrastruture-virtualdesktops-prod04,NLAW2SVPXVDP047,No
Sub-Moog-Commercial-EndUserVirtualization-Prod,rg-nlaw2-citrix-infrastruture-virtualdesktops-prod04,NLAW2SVPXVDP048,No
Sub-Moog-Commercial-EndUserVirtualization-Prod,rg-nlaw2-citrix-infrastruture-virtualdesktops-prod04,NLAW2SVPXVDP055,No
Sub-Moog-Commercial-EndUserVirtualization-Prod,rg-nlaw2-citrix-infrastruture-virtualdesktops-prod04,NLAW2SVPXVDP056,No
Sub-Moog-Commercial-EndUserVirtualization-Prod,rg-nlaw2-citrix-infrastruture-virtualdesktops-prod04,NLAW2SVPXVDP058,No
Sub-Moog-Commercial-EndUserVirtualization-Prod,rg-nlaw2-citrix-infrastruture-virtualdesktops-prod04,NLAW2SVPXVDP059,No
Sub-Moog-Commercial-EndUserVirtualization-Prod,rg-nlaw2-citrix-infrastruture-virtualdesktops-prod04,NLAW2SVPXVDP064,No
Sub-Moog-Commercial-EndUserVirtualization-Prod,rg-nlaw2-citrix-infrastruture-virtualdesktops-prod04,NLAW2SVPXVDP067,No
Sub-Moog-Commercial-EndUserVirtualization-Prod,rg-nlaw2-citrix-infrastruture-virtualdesktops-prod04,NLAW2SVPXVDP068,No
Sub-Moog-Commercial-EndUserVirtualization-Prod,rg-nlaw2-citrix-infrastruture-virtualdesktops-prod04,NLAW2SVPXVDP071,No
Sub-Moog-Commercial-EndUserVirtualization-Prod,rg-nlaw2-citrix-infrastruture-virtualdesktops-prod04,NLAW2SVPXVDP072,No
Sub-Moog-Commercial-EndUserVirtualization-Prod,rg-nlaw2-citrix-infrastruture-virtualdesktops-prod04,NLAW2SVPXVDP073,No
Sub-Moog-Commercial-EndUserVirtualization-Prod,rg-nlaw2-citrix-infrastruture-virtualdesktops-prod04,NLAW2SVPXVDP076,No
Sub-Moog-Commercial-EndUserVirtualization-Prod,rg-nlaw2-citrix-infrastruture-virtualdesktops-prod04,NLAW2SVPXVDP077,No
Sub-Moog-Commercial-EndUserVirtualization-Prod,rg-nlaw2-citrix-infrastruture-virtualdesktops-prod04,NLAW2SVPXVDP078,No
Sub-Moog-Commercial-EndUserVirtualization-Prod,rg-nlaw2-citrix-infrastruture-virtualdesktops-prod04,NLAW2SVPXVDP080,No
Sub-Moog-Commercial-EndUserVirtualization-Prod,rg-nlaw2-citrix-infrastruture-virtualdesktops-prod04,NLAW2SVPXVDP082,No
Sub-Moog-Commercial-EndUserVirtualization-Prod,rg-nlaw2-citrix-infrastruture-virtualdesktops-prod04,NLAW2SVPXVDP083,No
Sub-Moog-Commercial-EndUserVirtualization-Prod,rg-nlaw2-citrix-infrastruture-virtualdesktops-prod04,NLAW2SVPXVDP084,No
Sub-Moog-Commercial-EndUserVirtualization-Prod,rg-nlaw2-citrix-infrastruture-virtualdesktops-prod04,NLAW2SVPXVDP085,No
Sub-Moog-Commercial-EndUserVirtualization-Prod,rg-nlaw2-citrix-infrastruture-virtualdesktops-prod04,NLAW2SVPXVDP086,No
Sub-Moog-Commercial-EndUserVirtualization-Prod,rg-nlaw2-citrix-infrastruture-virtualdesktops-prod04,NLAW2SVPXVDP087,No
Sub-Moog-Commercial-EndUserVirtualization-Prod,rg-nlaw2-citrix-infrastruture-virtualdesktops-prod04,NLAW2SVPXVDP088,No
Sub-Moog-Commercial-EndUserVirtualization-Prod,rg-nlaw2-citrix-infrastruture-virtualdesktops-prod04,NLAW2SVPXVDP091,No
Sub-Moog-Commercial-EndUserVirtualization-Prod,rg-nlaw2-citrix-infrastruture-virtualdesktops-prod04,NLAW2SVPXVDP093,No
Sub-Moog-Commercial-EndUserVirtualization-Prod,rg-nlaw2-citrix-infrastruture-virtualdesktops-prod04,NLAW2SVPXVDP094,No
Sub-Moog-Commercial-EndUserVirtualization-Prod,rg-nlaw2-citrix-infrastruture-virtualdesktops-prod04,NLAW2SVPXVDP095,No
Sub-Moog-Commercial-EndUserVirtualization-Prod,rg-nlaw2-citrix-infrastruture-virtualdesktops-prod04,NLAW2SVPXVDP096,No
Sub-Moog-Commercial-EndUserVirtualization-Prod,rg-nlaw2-citrix-infrastruture-virtualdesktops-prod04,NLAW2SVPXVDP097,No
Sub-Moog-Commercial-EndUserVirtualization-Prod,rg-nlaw2-citrix-infrastruture-virtualdesktops-prod04,NLAW2SVPXVDP098,No
Sub-Moog-Commercial-EndUserVirtualization-Prod,rg-nlaw2-citrix-infrastruture-virtualdesktops-prod04,NLAW2SVPXVDP099,No
Sub-Moog-Commercial-EndUserVirtualization-Prod,rg-nlaw2-citrix-infrastruture-virtualdesktops-prod04,NLAW2SVPXVDP100,No
Sub-Moog-Commercial-EndUserVirtualization-Prod,rg-nlaw2-citrix-infrastruture-virtualdesktops-prod04,NLAW2SVPXVDP101,No
Sub-Moog-Commercial-EndUserVirtualization-Prod,rg-nlaw2-citrix-infrastruture-virtualdesktops-prod04,NLAW2SVPXVDP102,No
Sub-Moog-Commercial-EndUserVirtualization-Prod,rg-nlaw2-citrix-infrastruture-virtualdesktops-prod04,NLAW2SVPXVDP103,No
Sub-Moog-Commercial-EndUserVirtualization-Prod,rg-nlaw2-citrix-infrastruture-virtualdesktops-prod04,NLAW2SVPXVDP104,No
Sub-Moog-Commercial-EndUserVirtualization-Prod,rg-nlaw2-citrix-infrastruture-virtualdesktops-prod04,NLAW2SVPXVDP105,No
Sub-Moog-Commercial-EndUserVirtualization-Prod,rg-nlaw2-citrix-infrastruture-virtualdesktops-prod04,NLAW2SVPXVDP106,No
Sub-Moog-Commercial-EndUserVirtualization-Prod,rg-nlaw2-citrix-infrastruture-virtualdesktops-prod04,NLAW2SVPXVDP107,No
Sub-Moog-Commercial-EndUserVirtualization-Prod,rg-nlaw2-citrix-infrastruture-virtualdesktops-prod04,NLAW2SVPXVDP108,No
Sub-Moog-Commercial-EndUserVirtualization-Prod,rg-nlaw2-citrix-infrastruture-virtualdesktops-prod04,NLAW2SVPXVDP109,No
Sub-Moog-Commercial-EndUserVirtualization-Prod,rg-nlaw2-citrix-infrastruture-virtualdesktops-prod04,NLAW2SVPXVDP110,No
Sub-Moog-Commercial-EndUserVirtualization-Prod,rg-nlaw2-citrix-infrastruture-virtualdesktops-prod04,NLAW2SVPXVDP112,No
Sub-Moog-Commercial-EndUserVirtualization-Prod,rg-nlaw2-citrix-infrastruture-virtualdesktops-prod04,NLAW2SVPXVDP113,No
Sub-Moog-Commercial-EndUserVirtualization-Prod,rg-nlaw2-citrix-infrastruture-virtualdesktops-prod04,NLAW2SVPXVDP114,No
Sub-Moog-Commercial-EndUserVirtualization-Prod,rg-nlaw2-citrix-infrastruture-virtualdesktops-prod04,NLAW2SVPXVDP115,No
Sub-Moog-Commercial-EndUserVirtualization-Prod,rg-nlaw2-citrix-infrastruture-virtualdesktops-prod04,NLAW2SVPXVDP116,No
Sub-Moog-Commercial-EndUserVirtualization-Prod,rg-nlaw2-citrix-infrastruture-virtualdesktops-prod04,NLAW2SVPXVDP117,No
Sub-Moog-Commercial-EndUserVirtualization-Prod,rg-nlaw2-citrix-infrastruture-virtualdesktops-prod04,NLAW2SVPXVDP118,No
Sub-Moog-Commercial-EndUserVirtualization-Prod,rg-nlaw2-citrix-infrastruture-virtualdesktops-prod04,NLAW2SVPXVDP119,No
Sub-Moog-Commercial-EndUserVirtualization-Prod,rg-nlaw2-citrix-infrastruture-virtualdesktops-prod04,NLAW2SVPXVDP120,No
Sub-Moog-Commercial-EndUserVirtualization-Prod,rg-nlaw2-citrix-infrastruture-virtualdesktops-prod04,NLAW2SVPXVDP121,No
Sub-Moog-Commercial-EndUserVirtualization-Prod,rg-nlaw2-citrix-infrastruture-virtualdesktops-prod04,NLAW2SVPXVDP122,No
Sub-Moog-Commercial-EndUserVirtualization-Prod,rg-nlaw2-citrix-infrastruture-virtualdesktops-prod04,NLAW2SVPXVDP123,No
Sub-Moog-Commercial-EndUserVirtualization-Prod,rg-nlaw2-citrix-infrastruture-virtualdesktops-prod04,NLAW2SVPXVDP124,No
Sub-Moog-Commercial-EndUserVirtualization-Prod,rg-nlaw2-citrix-infrastruture-virtualdesktops-prod04,NLAW2SVPXVDP125,No
Sub-Moog-Commercial-EndUserVirtualization-Prod,rg-nlaw2-citrix-infrastruture-virtualdesktops-prod04,NLAW2SVPXVDP126,No
Sub-Moog-Commercial-EndUserVirtualization-Prod,rg-nlaw2-citrix-infrastruture-virtualdesktops-prod04,NLAW2SVPXVDP127,No
Sub-Moog-Commercial-EndUserVirtualization-Prod,rg-nlaw2-citrix-infrastruture-virtualdesktops-prod04,NLAW2SVPXVDP128,No
Sub-Moog-Commercial-EndUserVirtualization-Prod,rg-nlaw2-citrix-infrastruture-virtualdesktops-prod04,NLAW2SVPXVDP129,No
Sub-Moog-Commercial-EndUserVirtualization-Prod,rg-nlaw2-citrix-infrastruture-virtualdesktops-prod04,NLAW2SVPXVDP130,No
Sub-Moog-Commercial-EndUserVirtualization-Prod,rg-nlaw2-citrix-infrastruture-virtualdesktops-prod04,NLAW2SVPXVDP131,No
Sub-Moog-Commercial-EndUserVirtualization-Prod,rg-nlaw2-citrix-infrastruture-virtualdesktops-prod04,NLAW2SVPXVDP132,No
Sub-Moog-Commercial-EndUserVirtualization-Prod,rg-nlaw2-citrix-infrastruture-virtualdesktops-prod04,NLAW2SVPXVDP133,No
Sub-Moog-Commercial-EndUserVirtualization-Prod,rg-nlaw2-citrix-infrastruture-virtualdesktops-prod04,NLAW2SVPXVDP134,No
Sub-Moog-Commercial-EndUserVirtualization-Prod,rg-nlaw2-citrix-infrastruture-virtualdesktops-prod04,NLAW2SVPXVDP135,No
Sub-Moog-Commercial-EndUserVirtualization-Prod,rg-nlaw2-citrix-infrastruture-virtualdesktops-prod04,NLAW2SVPXVDP137,No
Sub-Moog-Commercial-EndUserVirtualization-Prod,rg-nlaw2-citrix-infrastruture-virtualdesktops-prod04,NLAW2SVPXVDP138,No
Sub-Moog-Commercial-EndUserVirtualization-Prod,rg-nlaw2-citrix-infrastruture-virtualdesktops-prod04,NLAW2SVPXVDP139,No
Sub-Moog-Commercial-EndUserVirtualization-Prod,rg-nlaw2-citrix-infrastruture-virtualdesktops-prod04,NLAW2SVPXVDP140,No
Sub-Moog-Commercial-EndUserVirtualization-Prod,rg-nlaw2-citrix-infrastruture-virtualdesktops-prod04,NLAW2SVPXVDP141,No
Sub-Moog-Commercial-EndUserVirtualization-Prod,rg-nlaw2-citrix-infrastruture-virtualdesktops-prod04,NLAW2SVPXVDP142,No
Sub-Moog-Commercial-EndUserVirtualization-Prod,rg-nlaw2-citrix-infrastruture-virtualdesktops-prod04,NLAW2SVPXVDP143,No
Sub-Moog-Commercial-EndUserVirtualization-Prod,rg-nlaw2-citrix-infrastruture-virtualdesktops-prod04,NLAW2SVPXVDP144,No
Sub-Moog-Commercial-EndUserVirtualization-Prod,rg-nlaw2-citrix-infrastruture-virtualdesktops-prod04,NLAW2SVPXVDP145,No
Sub-Moog-Commercial-EndUserVirtualization-Prod,rg-nlaw2-citrix-infrastruture-virtualdesktops-prod04,NLAW2SVPXVDP146,No
Sub-Moog-Commercial-EndUserVirtualization-Prod,rg-nlaw2-citrix-infrastruture-virtualdesktops-prod04,NLAW2SVPXVDP147,No
Sub-Moog-Commercial-EndUserVirtualization-Prod,rg-nlaw2-citrix-infrastruture-virtualdesktops-prod04,NLAW2SVPXVDP148,No
Sub-Moog-Commercial-EndUserVirtualization-Prod,rg-nlaw2-citrix-infrastruture-virtualdesktops-prod04,NLAW2SVPXVDP149,No
Sub-Moog-Commercial-EndUserVirtualization-Prod,rg-nlaw2-citrix-infrastruture-virtualdesktops-prod04,NLAW2SVPXVDP150,No
Sub-Moog-Commercial-EndUserVirtualization-Prod,rg-nlaw2-citrix-infrastruture-virtualdesktops-prod04,NLAW2SVPXVDP152,No
Sub-Moog-Commercial-EndUserVirtualization-Prod,rg-nlaw2-citrix-infrastruture-virtualdesktops-prod04,NLAW2SVPXVDP153,No
Sub-Moog-Commercial-EndUserVirtualization-Prod,rg-nlaw2-citrix-infrastruture-virtualdesktops-prod04,NLAW2SVPXVDP154,No
Sub-Moog-Commercial-EndUserVirtualization-Prod,rg-nlaw2-citrix-infrastruture-virtualdesktops-prod04,NLAW2SVPXVDP155,No
Sub-Moog-Commercial-EndUserVirtualization-Prod,rg-nlaw2-citrix-infrastruture-virtualdesktops-prod04,NLAW2SVPXVDP156,No
Sub-Moog-Commercial-EndUserVirtualization-Prod,rg-nlaw2-citrix-infrastruture-virtualdesktops-prod04,NLAW2SVPXVDP158,No
Sub-Moog-Commercial-EndUserVirtualization-Prod,rg-nlaw2-citrix-infrastruture-virtualdesktops-prod04,NLAW2SVPXVDP159,No
Sub-Moog-Commercial-EndUserVirtualization-Prod,rg-nlaw2-citrix-infrastruture-virtualdesktops-prod04,NLAW2SVPXVDP160,No
Sub-Moog-Commercial-EndUserVirtualization-Prod,rg-nlaw2-citrix-infrastruture-virtualdesktops-prod04,NLAW2SVPXVDP161,No
Sub-Moog-Commercial-EndUserVirtualization-Prod,rg-nlaw2-citrix-infrastruture-virtualdesktops-prod04,NLAW2SVPXVDP170,No
Sub-Moog-Commercial-EndUserVirtualization-Prod,rg-nlaw2-citrix-infrastruture-virtualdesktops-prod04,NLAW2SVPXVDP171,No
Sub-Moog-Commercial-EndUserVirtualization-Prod,rg-nlaw2-citrix-infrastruture-virtualdesktops-prod04,NLAW2SVPXVDP173,No
Sub-Moog-Commercial-EndUserVirtualization-Prod,rg-nlaw2-citrix-infrastruture-virtualdesktops-prod04,NLAW2SVPXVDP174,No
Sub-Moog-Commercial-EndUserVirtualization-Prod,rg-nlaw2-citrix-infrastruture-virtualdesktops-prod04,NLAW2SVPXVDP175,No
Sub-Moog-Commercial-EndUserVirtualization-Prod,rg-nlaw2-citrix-infrastruture-virtualdesktops-prod04,NLAW2SVPXVDP176,No
Sub-Moog-Commercial-EndUserVirtualization-Prod,rg-nlaw2-citrix-infrastruture-virtualdesktops-prod04,NLAW2SVPXVDP177,No
Sub-Moog-Commercial-EndUserVirtualization-Prod,rg-nlaw2-citrix-infrastruture-virtualdesktops-prod04,NLAW2SVPXVDP178,No
Sub-Moog-Commercial-EndUserVirtualization-Prod,rg-nlaw2-citrix-infrastruture-virtualdesktops-prod04,NLAW2SVPXVDP179,No
Sub-Moog-Commercial-EndUserVirtualization-Prod,rg-nlaw2-citrix-infrastruture-virtualdesktops-prod04,NLAW2SVPXVDP180,No
Sub-Moog-Commercial-EndUserVirtualization-Prod,rg-nlaw2-citrix-infrastruture-virtualdesktops-prod04,NLAW2SVPXVDP181,No
Sub-Moog-Commercial-EndUserVirtualization-Prod,rg-nlaw2-citrix-infrastruture-virtualdesktops-prod04,NLAW2SVPXVDP182,No
Sub-Moog-Commercial-EndUserVirtualization-Prod,rg-nlaw2-citrix-infrastruture-virtualdesktops-prod04,NLAW2SVPXVDP183,No
Sub-Moog-Commercial-EndUserVirtualization-Prod,rg-nlaw2-citrix-infrastruture-virtualdesktops-prod04,NLAW2SVPXVDP184,No
Sub-Moog-Commercial-EndUserVirtualization-Prod,rg-nlaw2-citrix-infrastruture-virtualdesktops-prod04,NLAW2SVPXVDP185,No
Sub-Moog-Commercial-EndUserVirtualization-Prod,rg-nlaw2-citrix-infrastruture-virtualdesktops-prod04,NLAW2SVPXVDP186,No
Sub-Moog-Commercial-EndUserVirtualization-Prod,rg-nlaw2-citrix-infrastruture-virtualdesktops-prod04,NLAW2SVPXVDP187,No
Sub-Moog-Commercial-EndUserVirtualization-Prod,rg-nlaw2-citrix-infrastruture-virtualdesktops-prod04,NLAW2SVPXVDP188,No
Sub-Moog-Commercial-EndUserVirtualization-Prod,rg-nlaw2-citrix-infrastruture-virtualdesktops-prod04,NLAW2SVPXVDP189,No
Sub-Moog-Commercial-EndUserVirtualization-Prod,rg-nlaw2-citrix-infrastruture-virtualdesktops-prod04,NLAW2SVPXVDP190,No
Sub-Moog-Commercial-EndUserVirtualization-Prod,rg-nlaw2-citrix-infrastruture-virtualdesktops-prod04,NLAW2SVPXVDP191,No
Sub-Moog-Commercial-EndUserVirtualization-Prod,rg-nlaw2-citrix-infrastruture-virtualdesktops-prod04,NLAW2SVPXVDP192,No
Sub-Moog-Commercial-EndUserVirtualization-Prod,rg-nlaw2-citrix-infrastruture-virtualdesktops-prod04,NLAW2SVPXVDP193,No
Sub-Moog-Commercial-EndUserVirtualization-Prod,rg-nlaw2-citrix-infrastruture-virtualdesktops-prod04,NLAW2SVPXVDP194,No
Sub-Moog-Commercial-EndUserVirtualization-Prod,rg-nlaw2-citrix-infrastruture-virtualdesktops-prod04,NLAW2SVPXVDP195,No
Sub-Moog-Commercial-EndUserVirtualization-Prod,rg-nlaw2-citrix-infrastruture-virtualdesktops-prod04,NLAW2SVPXVDP196,No
Sub-Moog-Commercial-EndUserVirtualization-Prod,rg-nlaw2-citrix-infrastruture-virtualdesktops-prod04,NLAW2SVPXVDP197,No
Sub-Moog-Commercial-EndUserVirtualization-Prod,rg-nlaw2-citrix-infrastruture-virtualdesktops-prod04,NLAW2SVPXVDP198,No
Sub-Moog-Commercial-EndUserVirtualization-Prod,rg-nlaw2-citrix-infrastruture-virtualdesktops-prod04,NLAW2SVPXVDP199,No
Sub-Moog-Commercial-EndUserVirtualization-Prod,rg-nlaw2-citrix-infrastruture-virtualdesktops-prod04,NLAW2SVPXVDP200,No
Sub-Moog-Commercial-EndUserVirtualization-Prod,rg-nlaw2-citrix-infrastruture-virtualdesktops-prod04,NLAW2SVPXVDP201,No
Sub-Moog-Commercial-EndUserVirtualization-Prod,rg-nlaw2-citrix-infrastruture-virtualdesktops-prod04,NLAW2SVPXVDP202,No
Sub-Moog-Commercial-EndUserVirtualization-Prod,rg-nlaw2-citrix-infrastruture-virtualdesktops-prod04,NLAW2SVPXVDP203,No
Sub-Moog-Commercial-EndUserVirtualization-Prod,rg-nlaw2-citrix-infrastruture-virtualdesktops-prod04,NLAW2SVPXVDP204,No
Sub-Moog-Commercial-EndUserVirtualization-Prod,rg-nlaw2-citrix-infrastruture-virtualdesktops-prod04,NLAW2SVPXVDP205,No
Sub-Moog-Commercial-EndUserVirtualization-Prod,rg-nlaw2-citrix-infrastruture-virtualdesktops-prod04,NLAW2SVPXVDP206,No
Sub-Moog-Commercial-EndUserVirtualization-Prod,rg-nlaw2-citrix-infrastruture-virtualdesktops-prod04,NLAW2SVPXVDP207,No
Sub-Moog-Commercial-EndUserVirtualization-Prod,rg-nlaw2-citrix-infrastruture-virtualdesktops-prod04,NLAW2SVPXVDP208,No
Sub-Moog-Commercial-EndUserVirtualization-Prod,rg-nlaw2-citrix-infrastruture-virtualdesktops-prod04,NLAW2SVPXVDP210,No
Sub-Moog-Commercial-EndUserVirtualization-Prod,rg-nlaw2-citrix-infrastruture-virtualdesktops-prod04,NLAW2SVPXVDP211,No
Sub-Moog-Commercial-EndUserVirtualization-Prod,rg-nlaw2-citrix-infrastruture-virtualdesktops-prod04,NLAW2SVPXVDP212,No
Sub-Moog-Commercial-EndUserVirtualization-Prod,rg-nlaw2-citrix-infrastruture-virtualdesktops-prod04,NLAW2SVPXVDP213,No
Sub-Moog-Commercial-EndUserVirtualization-Prod,rg-nlaw2-citrix-infrastruture-virtualdesktops-prod04,NLAW2SVPXVDP214,No
Sub-Moog-Commercial-EndUserVirtualization-Prod,rg-nlaw2-citrix-infrastruture-virtualdesktops-prod04,NLAW2SVPXVDP215,No
Sub-Moog-Commercial-EndUserVirtualization-Prod,rg-nlaw2-citrix-infrastruture-virtualdesktops-prod04,NLAW2SVPXVDP216,No
Sub-Moog-Commercial-EndUserVirtualization-Prod,rg-nlaw2-citrix-infrastruture-virtualdesktops-prod04,NLAW2SVPXVDP217,No
Sub-Moog-Commercial-EndUserVirtualization-Prod,rg-nlaw2-citrix-infrastruture-virtualdesktops-prod04,NLAW2SVPXVDP218,No
Sub-Moog-Commercial-EndUserVirtualization-Prod,rg-nlaw2-citrix-infrastruture-virtualdesktops-prod04,NLAW2SVPXVDP219,No
Sub-Moog-Commercial-EndUserVirtualization-Prod,rg-nlaw2-citrix-infrastruture-virtualdesktops-prod04,NLAW2SVPXVDP220,No
Sub-Moog-Commercial-EndUserVirtualization-Prod,rg-nlaw2-citrix-infrastruture-virtualdesktops-prod04,NLAW2SVPXVDP221,No
Sub-Moog-Commercial-EndUserVirtualization-Prod,rg-nlaw2-citrix-infrastruture-virtualdesktops-prod04,NLAW2SVPXVDP222,No
Sub-Moog-Commercial-EndUserVirtualization-Prod,rg-nlaw2-citrix-infrastruture-virtualdesktops-prod04,NLAW2SVPXVDP223,No
Sub-Moog-Commercial-EndUserVirtualization-Prod,rg-nlaw2-citrix-infrastruture-virtualdesktops-prod04,NLAW2SVPXVDP224,No
Sub-Moog-Commercial-EndUserVirtualization-Prod,rg-nlaw2-citrix-infrastruture-virtualdesktops-prod04,NLAW2SVPXVDP225,No
Sub-Moog-Commercial-EndUserVirtualization-Prod,rg-nlaw2-citrix-infrastruture-virtualdesktops-prod04,NLAW2SVPXVDP226,No
Sub-Moog-Commercial-EndUserVirtualization-Prod,rg-nlaw2-citrix-infrastruture-virtualdesktops-prod04,NLAW2SVPXVDP227,No
Sub-Moog-Commercial-EndUserVirtualization-Prod,rg-nlaw2-citrix-infrastruture-virtualdesktops-prod04,NLAW2SVPXVDP228,No
Sub-Moog-Commercial-EndUserVirtualization-Prod,rg-nlaw2-citrix-infrastruture-virtualdesktops-prod04,NLAW2SVPXVDP229,No
Sub-Moog-Commercial-EndUserVirtualization-Prod,rg-nlaw2-citrix-infrastruture-virtualdesktops-prod04,NLAW2SVPXVDP230,No
Sub-Moog-Commercial-EndUserVirtualization-Prod,rg-nlaw2-citrix-infrastruture-virtualdesktops-prod04,NLAW2SVPXVDP231,No
Sub-Moog-Commercial-EndUserVirtualization-Prod,rg-nlaw2-citrix-infrastruture-virtualdesktops-prod04,NLAW2SVPXVDP232,No
Sub-Moog-Commercial-EndUserVirtualization-Prod,rg-nlaw2-citrix-infrastruture-virtualdesktops-prod04,NLAW2SVPXVDP233,No
Sub-Moog-Commercial-EndUserVirtualization-Prod,rg-nlaw2-citrix-infrastruture-virtualdesktops-prod04,NLAW2SVPXVDP234,No
Sub-Moog-Commercial-EndUserVirtualization-Prod,rg-nlaw2-citrix-infrastruture-virtualdesktops-prod04,NLAW2SVPXVDP235,No
Sub-Moog-Commercial-EndUserVirtualization-Prod,rg-nlaw2-citrix-infrastruture-virtualdesktops-prod04,NLAW2SVPXVDP236,No
Sub-Moog-Commercial-EndUserVirtualization-Prod,rg-nlaw2-citrix-infrastruture-virtualdesktops-prod04,NLAW2SVPXVDP237,No
Sub-Moog-Commercial-EndUserVirtualization-Prod,rg-nlaw2-citrix-infrastruture-virtualdesktops-prod04,NLAW2SVPXVDP238,No
Sub-Moog-Commercial-EndUserVirtualization-Prod,rg-nlaw2-citrix-infrastruture-virtualdesktops-prod04,NLAW2SVPXVDP240,No
Sub-Moog-Commercial-EndUserVirtualization-Prod,rg-nlaw2-citrix-infrastruture-virtualdesktops-prod04,NLAW2SVPXVDP242,No
Sub-Moog-Commercial-EndUserVirtualization-Prod,rg-nlaw2-citrix-infrastruture-virtualdesktops-prod04,NLAW2SVPXVDP243,No
Sub-Moog-Commercial-EndUserVirtualization-Prod,rg-nlaw2-citrix-infrastruture-virtualdesktops-prod04,NLAW2SVPXVDP244,No
Sub-Moog-Commercial-EndUserVirtualization-Prod,rg-nlaw2-citrix-infrastruture-virtualdesktops-prod04,NLAW2SVPXVDP245,No
Sub-Moog-Commercial-EndUserVirtualization-Prod,rg-nlaw2-citrix-infrastruture-virtualdesktops-prod04,NLAW2SVPXVDP246,No
Sub-Moog-Commercial-EndUserVirtualization-Prod,rg-nlaw2-citrix-infrastruture-virtualdesktops-prod04,NLAW2SVPXVDP248,No
Sub-Moog-Commercial-EndUserVirtualization-Prod,rg-nlaw2-citrix-infrastruture-virtualdesktops-prod04,NLAW2SVPXVDP249,No
Sub-Moog-Commercial-EndUserVirtualization-Prod,rg-nlaw2-citrix-infrastruture-virtualdesktops-prod05,NLAW2SVPXSHD002,No
Sub-Moog-Commercial-EndUserVirtualization-Prod,rg-nlaw2-citrix-infrastruture-virtualdesktops-prod05,NLAW2SVPXSHD004,No
Sub-Moog-Commercial-EndUserVirtualization-Prod,rg-nlaw2-citrix-infrastruture-virtualdesktops-prod05,NLAW2SVUXSHD005,No
Sub-Moog-Commercial-EndUserVirtualization-Prod,rg-nlaw2-citrix-infrastruture-virtualdesktops-prod05,NLAW2SVUXSHD006,No
Sub-Moog-Commercial-EndUserVirtualization-Prod,rg-nlaw2-citrix-infrastruture-virtualdesktops-prod05,NLAW2SVUXSHD007,No
Sub-Moog-Commercial-EndUserVirtualization-Prod,RG-NLAW2-CitrixTroubleshoot,nlaw2citrixtest,No
Sub-Moog-Commercial-EndUserVirtualization-Prod,RG-USAE2-Citrix-Infrastruture-CloudConnectors-Prod,USAE2SVPXCCC001,No
Sub-Moog-Commercial-EndUserVirtualization-Prod,RG-USAE2-Citrix-Infrastruture-CloudConnectors-Prod,USAE2SVPXCCC002,No
Sub-Moog-Commercial-EndUserVirtualization-Prod,RG-USAE2-Citrix-Infrastruture-CloudConnectors-Prod,USAE2SVPXCCC003,No
Sub-Moog-Commercial-EndUserVirtualization-Prod,RG-USAE2-Citrix-Infrastruture-FAS-Prod,USAE2SVPXFAS001,No
Sub-Moog-Commercial-EndUserVirtualization-Prod,RG-USAE2-Citrix-Infrastruture-FAS-Prod,USAE2SVPXFAS002,No
Sub-Moog-Commercial-EndUserVirtualization-Prod,RG-USAE2-Citrix-Infrastruture-Storage-Prod,USAE2SVPXDFS001,No
Sub-Moog-Commercial-EndUserVirtualization-Prod,RG-USAE2-Citrix-Infrastruture-Storage-Prod,USAE2SVPXDFS002,No
Sub-Moog-Commercial-EndUserVirtualization-Prod,RG-USAE2-Citrix-Infrastruture-Storage-Prod,USAE2SVPXDFS003,No
Sub-Moog-Commercial-EndUserVirtualization-Prod,RG-USAE2-Citrix-Infrastruture-MasterImages-Prod,USAE2SVPGICN000,No
Sub-Moog-Commercial-EndUserVirtualization-Prod,RG-USAE2-Citrix-Infrastruture-MasterImages-Prod,USAE2SVPXCLB000,No
Sub-Moog-Commercial-EndUserVirtualization-Prod,RG-USAE2-Citrix-Infrastruture-MasterImages-Prod,USAE2SVPXERP000,No
Sub-Moog-Commercial-EndUserVirtualization-Prod,RG-USAE2-Citrix-Infrastruture-MasterImages-Prod,USAE2SVPXGEN000,No
Sub-Moog-Commercial-EndUserVirtualization-Prod,RG-USAE2-Citrix-Infrastruture-MasterImages-Prod,usae2svpxgigen0,Yes
Sub-Moog-Commercial-EndUserVirtualization-Prod,RG-USAE2-Citrix-Infrastruture-MasterImages-Prod,USAE2SVPXVDP000,No
Sub-Moog-Commercial-EndUserVirtualization-Prod,RG-USAE2-Citrix-Infrastruture-MasterImages-Prod,USAE2SVPXVDP100,No
Sub-Moog-Commercial-EndUserVirtualization-Prod,RG-USAE2-Citrix-Infrastruture-MasterImages-Prod,USAE2SVPXWPS000,No
Sub-Moog-Commercial-EndUserVirtualization-Prod,RG-USAE2-Citrix-Infrastruture-MasterImages-Gov-Prod,USAE2SVGXVDP000,No
Sub-Moog-Commercial-EndUserVirtualization-Prod,RG-USAE2-Citrix-Infrastructure-VirtualHosts-Prod,USAE2SVPXCLB004,No
Sub-Moog-Commercial-EndUserVirtualization-Prod,RG-USAE2-Citrix-Infrastructure-VirtualHosts-Prod,USAE2SVPXERP001,No
Sub-Moog-Commercial-EndUserVirtualization-Prod,RG-USAE2-Citrix-Infrastructure-VirtualHosts-Prod,USAE2SVPXERP003,No
Sub-Moog-Commercial-EndUserVirtualization-Prod,RG-USAE2-Citrix-Infrastructure-VirtualHosts-Prod,USAE2SVPXERP004,No
Sub-Moog-Commercial-EndUserVirtualization-Prod,RG-USAE2-Citrix-Infrastructure-VirtualHosts-Prod,USAE2SVPXERP006,No
Sub-Moog-Commercial-EndUserVirtualization-Prod,RG-USAE2-Citrix-Infrastructure-VirtualHosts-Prod,USAE2SVPXERP009,No
Sub-Moog-Commercial-EndUserVirtualization-Prod,RG-USAE2-Citrix-Infrastructure-VirtualHosts-Prod,USAE2SVPXERP010,No
Sub-Moog-Commercial-EndUserVirtualization-Prod,RG-USAE2-Citrix-Infrastructure-VirtualHosts-Prod,USAE2SVPXERP011,No
Sub-Moog-Commercial-EndUserVirtualization-Prod,RG-USAE2-Citrix-Infrastructure-VirtualHosts-Prod,USAE2SVPXERP013,No
Sub-Moog-Commercial-EndUserVirtualization-Prod,RG-USAE2-Citrix-Infrastructure-VirtualHosts-Prod,USAE2SVPXERP014,No
Sub-Moog-Commercial-EndUserVirtualization-Prod,RG-USAE2-Citrix-Infrastructure-VirtualHosts-Prod,USAE2SVPXERP016,No
Sub-Moog-Commercial-EndUserVirtualization-Prod,RG-USAE2-Citrix-Infrastructure-VirtualHosts-Prod,USAE2SVPXERP018,No
Sub-Moog-Commercial-EndUserVirtualization-Prod,RG-USAE2-Citrix-Infrastructure-VirtualHosts-Prod,USAE2SVPXERP019,No
Sub-Moog-Commercial-EndUserVirtualization-Prod,RG-USAE2-Citrix-Infrastructure-VirtualHosts-Prod,USAE2SVPXERP020,No
Sub-Moog-Commercial-EndUserVirtualization-Prod,RG-USAE2-Citrix-Infrastructure-VirtualHosts-Prod,USAE2SVPXERP022,No
Sub-Moog-Commercial-EndUserVirtualization-Prod,RG-USAE2-Citrix-Infrastructure-VirtualHosts-Prod,USAE2SVPXERP024,No
Sub-Moog-Commercial-EndUserVirtualization-Prod,RG-USAE2-Citrix-Infrastructure-VirtualHosts-Prod,USAE2SVPXERP025,No
Sub-Moog-Commercial-EndUserVirtualization-Prod,RG-USAE2-Citrix-Infrastructure-VirtualHosts-Prod,USAE2SVPXERP027,No
Sub-Moog-Commercial-EndUserVirtualization-Prod,RG-USAE2-Citrix-Infrastructure-VirtualHosts-Prod,USAE2SVPXERP028,No
Sub-Moog-Commercial-EndUserVirtualization-Prod,RG-USAE2-Citrix-Infrastructure-VirtualHosts-Prod,USAE2SVPXERP029,No
Sub-Moog-Commercial-EndUserVirtualization-Prod,RG-USAE2-Citrix-Infrastructure-VirtualHosts-Prod,USAE2SVPXERP030,No
Sub-Moog-Commercial-EndUserVirtualization-Prod,RG-USAE2-Citrix-Infrastructure-VirtualHosts-Prod,USAE2SVPXERP031,No
Sub-Moog-Commercial-EndUserVirtualization-Prod,RG-USAE2-Citrix-Infrastructure-VirtualHosts-Prod,USAE2SVPXERP032,No
Sub-Moog-Commercial-EndUserVirtualization-Prod,RG-USAE2-Citrix-Infrastructure-VirtualHosts-Prod,USAE2SVPXERP033,No
Sub-Moog-Commercial-EndUserVirtualization-Prod,RG-USAE2-Citrix-Infrastructure-VirtualHosts-Prod,USAE2SVPXERP034,No
Sub-Moog-Commercial-EndUserVirtualization-Prod,RG-USAE2-Citrix-Infrastructure-VirtualHosts-Prod,USAE2SVPXERP035,No
Sub-Moog-Commercial-EndUserVirtualization-Prod,RG-USAE2-Citrix-Infrastructure-VirtualHosts-Prod,USAE2SVPXGEN021,No
Sub-Moog-Commercial-EndUserVirtualization-Prod,RG-USAE2-Citrix-Infrastructure-VirtualHosts-Prod,USAE2SVPXGEN024,No
Sub-Moog-Commercial-EndUserVirtualization-Prod,RG-USAE2-Citrix-Infrastructure-VirtualHosts-Prod,USAE2SVPXGEN025,No
Sub-Moog-Commercial-EndUserVirtualization-Prod,RG-USAE2-Citrix-Infrastructure-VirtualHosts-Prod,USAE2SVPXGEN026,No
Sub-Moog-Commercial-EndUserVirtualization-Prod,RG-USAE2-Citrix-Infrastructure-VirtualHosts-Prod,USAE2SVPXGEN027,No
Sub-Moog-Commercial-EndUserVirtualization-Prod,RG-USAE2-Citrix-Infrastructure-VirtualHosts-Prod,USAE2SVPXGEN028,No
Sub-Moog-Commercial-EndUserVirtualization-Prod,RG-USAE2-Citrix-Infrastructure-VirtualHosts-Prod,USAE2SVPXWPS011,No
Sub-Moog-Commercial-EndUserVirtualization-Prod,RG-USAE2-Citrix-Infrastructure-VirtualHosts-Prod,USAE2SVPXWPS012,No
Sub-Moog-Commercial-EndUserVirtualization-Prod,RG-USAE2-Citrix-Infrastructure-VirtualHosts-Prod,USAE2SVPXWPS013,No
Sub-Moog-Commercial-EndUserVirtualization-Prod,RG-USAE2-Citrix-Infrastructure-VirtualHosts-Prod,USAE2SVPXWPS014,No
Sub-Moog-Commercial-EndUserVirtualization-Prod,RG-USAE2-Citrix-Infrastructure-VirtualHosts-Prod,USAE2SVPXWPS015,No
Sub-Moog-Commercial-EndUserVirtualization-Prod,RG-USAE2-Citrix-Infrastructure-VirtualHosts-Prod,USAE2SVPXWPS016,No
Sub-Moog-Commercial-EndUserVirtualization-Prod,RG-USAE2-Citrix-Infrastructure-VirtualHosts-Prod,USAE2SVPXWPS017,No
Sub-Moog-Commercial-EndUserVirtualization-Prod,RG-USAE2-Citrix-Infrastructure-VirtualHosts-Prod,USAE2SVPXWPS018,No
Sub-Moog-Commercial-EndUserVirtualization-Prod,RG-USAE2-Citrix-Infrastructure-VirtualHosts-Prod,USAE2SVPXWPS019,No
Sub-Moog-Commercial-EndUserVirtualization-Prod,RG-USAE2-Citrix-Infrastructure-VirtualHosts-Prod,USAE2SVPXWPS020,No
Sub-Moog-Commercial-EndUserVirtualization-Prod,RG-USAE2-Citrix-Infrastructure-VirtualHosts-Non-Prod,Preparati-tbjby,No
Sub-Moog-Commercial-EndUserVirtualization-Prod,RG-USAE2-Citrix-Infrastructure-VirtualHosts-Non-Prod,usae2svuxcn001,No
Sub-Moog-Commercial-EndUserVirtualization-Prod,RG-USAE2-Citrix-Infrastructure-VirtualHosts-Non-Prod,USAE2SVUXERP007,No
Sub-Moog-Commercial-EndUserVirtualization-Prod,RG-USAE2-Citrix-Infrastructure-VirtualHosts-Non-Prod,USAE2SVUXGEN005,No
Sub-Moog-Commercial-EndUserVirtualization-Prod,RG-USAE2-Citrix-Infrastructure-VirtualHosts-Non-Prod,USAE2SVUXWPS004,No
Sub-Moog-Commercial-EndUserVirtualization-Prod,RG-USAE2-Citrix-Infrastructure-VirtualHosts-Non-Prod,USAE2SVUXWPS005,No
Sub-Moog-Commercial-EndUserVirtualization-Prod,RG-USAE2-Citrix-Infrastructure-VirtualHosts-Gov-Prod,USAE2SVPGXSHD02,No
Sub-Moog-Commercial-EndUserVirtualization-Prod,RG-USAE2-Citrix-Infrastructure-VirtualHosts-Gov-Prod,USAE2SVPGXSHD03,No
Sub-Moog-Commercial-EndUserVirtualization-Prod,RG-USAE2-Citrix-Infrastructure-VirtualHosts-Gov-Non-Prod,USAE2SVUGXSHD01,No
Sub-Moog-Commercial-EndUserVirtualization-Prod,RG-USAE2-Citrix-Infrastructure-VirtualHosts-China-Prod,usae2svpxcn002,No
Sub-Moog-Commercial-EndUserVirtualization-Prod,RG-USAE2-Citrix-Infrastructure-VirtualHosts-China-Prod,usae2svpxcn003,No
Sub-Moog-Commercial-EndUserVirtualization-Prod,RG-USAE2-Citrix-Infrastructure-VirtualHosts-China-Prod,usae2svpxcn005,No
Sub-Moog-Commercial-EndUserVirtualization-Prod,RG-USAE2-Citrix-Infrastructure-Solumina-Gov-Prod,USAE2SVGSVAAD,No
Sub-Moog-Commercial-EndUserVirtualization-Prod,RG-USAE2-Citrix-Infrastructure-Solumina-Gov-Prod,USAE2SVGSVDPOC,No
Sub-Moog-Commercial-EndUserVirtualization-Prod,rg-usae2-citrix-infrastructure-virtualhosts-aad-nonprod,usae2svptipq002,No
Sub-Moog-Commercial-EndUserVirtualization-Prod,rg-usae2-citrix-infrastructure-virtualhosts-entra-test,usae2svtaad00,No
Sub-Moog-Commercial-EndUserVirtualization-Prod,rg-usae2-citrix-infrastructure-virtualhosts-entra-test,usae2svtaad002,No
Sub-Moog-Commercial-EndUserVirtualization-Prod,RG-USAE2-Citrix-Infrastructure-MasterImages-Dev,usae2duxwco01,No
Sub-Moog-Commercial-EndUserVirtualization-Prod,RG-USAE2-Citrix-Infrastructure-VirtualHosts-Entra-Test-2,usae2dtaad01,No
Sub-Moog-Commercial-EndUserVirtualization-Prod,RG-USAE2-RDS-Broker,usae2prdbrk01,No
Sub-Moog-Commercial-EndUserVirtualization-Prod,RG-USAE2-RDS-Broker,usae2prdbrk02,No
Sub-Moog-Core-Networking,RG-GBAZ2-Core-Networking-Firewall-Hub,gbaz2pcnpfw01,No
Sub-Moog-Core-Networking,RG-GBAZ2-Core-Networking-Firewall-Hub,gbaz2pcnpfw02,No
Sub-Moog-Core-Networking,RG-GBAZ2-Core-Networking-VCE-Hub,gbaz2pcnvce01,No
Sub-Moog-Core-Networking,RG-GBAZ2-Core-Networking-VCE-Hub,gbaz2pcnvce02,No
Sub-Moog-Core-Networking,RG-GBAZ1-Core-Networking-Firewall-Hub,gbaz1pcnpfw01,No
Sub-Moog-Core-Networking,RG-GBAZ1-Core-Networking-Firewall-Hub,gbaz1pcnpfw02,No
Sub-Moog-Core-Networking,RG-GBAZ1-Core-Networking-VCE-Hub,gbaz1pcnvce01,No
Sub-Moog-Core-Networking,RG-GBAZ1-Core-Networking-VCE-Hub,gbaz1pcnvce02,No
Sub-Moog-Core-Networking,RG-DEAZ1-Networking-Core-Firewall-Hub,deaz1pcnpfw01,No
Sub-Moog-Core-Networking,RG-DEAZ1-Networking-Core-Firewall-Hub,deaz1pcnpfw02,No
Sub-Moog-Core-Networking,RG-DEAZ1-Networking-Core-VCE-Hub,deaz1pcnvce01,No
Sub-Moog-Core-Networking,RG-DEAZ1-Networking-Core-VCE-Hub,deaz1pcnvce02,No
Sub-Moog-Core-Networking,RG-SGAZ1-Networking-CitrixADC-ADM-Agent,sgaz1pcxadm01,No
Sub-Moog-Core-Networking,RG-SGAZ1-Networking-CitrixADC-Netscaler,sgaz1pcxadc01,No
Sub-Moog-Core-Networking,RG-SGAZ1-Networking-CitrixADC-Netscaler,sgaz1pcxadc02,No
Sub-Moog-Core-Networking,RG-NLAW2-Networking-CitrixADC-ADM-Agent,nlaw2pcxadm01,No
Sub-Moog-Core-Networking,RG-NLAW2-Networking-CitrixADC-Netscaler,nlaw2pcxadc01,No
Sub-Moog-Core-Networking,RG-NLAW2-Networking-CitrixADC-Netscaler,nlaw2pcxadc02,No
Sub-Moog-Core-Networking,RG-USAE2-Networking-CitrixADC-ADM-Agent,usae2pcxadm01,No
Sub-Moog-Core-Networking,RG-USAE2-Networking-CitrixADC-Netscaler,usae2pcxadc01,No
Sub-Moog-Core-Networking,RG-USAE2-Networking-CitrixADC-Netscaler,usae2pcxadc02,No
Sub-Moog-Core-Networking,RG-SGAZ1-Networking-Core-Firewall-Hub,sgaz1pcnpfw01,No
Sub-Moog-Core-Networking,RG-SGAZ1-Networking-Core-Firewall-Hub,sgaz1pcnpfw02,No
Sub-Moog-Core-Networking,RG-SGAZ1-Networking-Core-VCE-Hub,sgaz1pcnvce01,No
Sub-Moog-Core-Networking,RG-SGAZ1-Networking-Core-VCE-Hub,sgaz1pcnvce02,No
Sub-Moog-Core-Networking,RG-NLAW2-Networking-Core-Firewall-Hub,nlaw2pcnpfw01,No
Sub-Moog-Core-Networking,RG-NLAW2-Networking-Core-Firewall-Hub,nlaw2pcnpfw02,No
Sub-Moog-Core-Networking,RG-NLAW2-Networking-Core-VCE-Hub,nlaw2pcnvce01,No
Sub-Moog-Core-Networking,RG-NLAW2-Networking-Core-VCE-Hub,nlaw2pcnvce02,No
Sub-Moog-Core-Networking,RG-USAE2-Networking-Core-Firewall-Hub,usae2pcnpfw01,No
Sub-Moog-Core-Networking,RG-USAE2-Networking-Core-Firewall-Hub,usae2pcnpfw02,No
Sub-Moog-Core-Networking,RG-USAE2-Networking-Core-VCE-Hub,usae2pcnvce01,No
Sub-Moog-Core-Networking,RG-USAE2-Networking-Core-VCE-Hub,usae2pcnvce02,No
Sub-Moog-Core-Networking,RG-NLAW2-Networking-PaloAlto-UserIDAgent,nlaw2ppauid01,No
Sub-Moog-Core-Networking,RG-NLAW2-Networking-PaloAlto-UserIDAgent,nlaw2ppauid02,No
Sub-Moog-Core-Identity,RG-NLAW2-Identity-DomainController-IE-Prod,nlaw2piedc01,No
Sub-Moog-Core-Identity,RG-NLAW2-Identity-DomainController-NL-Prod,nlaw2pnldc01,Yes
Sub-Moog-Core-Security,RG-NLAW2-Security-BeyondTrust-BeyondInsight,nlaw2psecbtbi01,No
Sub-Moog-Core-Security,RG-NLAW2-Security-BeyondTrust-BeyondInsight,nlaw2psecbtbi02,No
Sub-Moog-Core-Security,RG-NLAW2-Security-BeyondTrust-RemoteSupport,nlaw2pbtrs01,No
Sub-Moog-Core-Security,RG-USAZ2-Security-BeyondTrust-SQL-DR,usaz2psecbtdb01,No
Sub-Moog-Core-Security,RG-USAZ2-Security-BeyondTrust-SQL-DR,usaz2psecbtdb02,No
Sub-Moog-Core-Security,RG-SGAZ1-Security-BeyondTrust-BeyondInsight,sgaz1psecbtbi01,No
Sub-Moog-Core-Security,RG-SGAZ1-Security-BeyondTrust-BeyondInsight,sgaz1psecbtbi02,No
Sub-Moog-Core-Security,RG-SGAZ1-Security-BeyondTrust-RemoteSupport,sgaz1pbtrs01,No
Sub-Moog-Core-Security,RG-SGAZ1-Security-Rapid7-Scanner,sgaz1psecrapd01,No
Sub-Moog-Core-Security,RG-SGAZ1-Security-BeyondTrust-SQL,sgaz1psecbtdb01,No
Sub-Moog-Core-Security,RG-SGAZ1-Security-Ivanti-SXS-Application,sgaz1psecisxs01,No
Sub-Moog-Core-Security,RG-SGAZ1-Security-Ivanti-SXS-Application,sgaz1psecisxs02,No
Sub-Moog-Core-Security,RG-NLAW2-Security-BeyondTrust-SQL,nlaw2psecbtdb01,No
Sub-Moog-Core-Security,RG-NLAW2-Security-Ivanti-SXS-Application,nlaw2psecisxs01,No
Sub-Moog-Core-Security,RG-NLAW2-Security-Ivanti-SXS-Application,nlaw2psecisxs02,No
Sub-Moog-Core-Security,RG-USAE2-Security-BeyondTrust-Management,usae2psecbtjb01,No
Sub-Moog-Core-Security,RG-USAE2-Security-BeyondTrust-SQL,usae2psecbtdb01,No
Sub-Moog-Core-Security,RG-USAE2-Security-BeyondTrust-SQL,usae2psecbtdb02,No
Sub-Moog-Core-Security,RG-USAE2-Security-BeyondTrust-BeyondInsight,usae2psecbtbi03,No
Sub-Moog-Core-Security,RG-USAE2-Security-BeyondTrust-BeyondInsight,usae2psecbtbi04,No
Sub-Moog-Core-Security,RG-USAE2-Security-LogRhythm-WindowsEventCollector,usae2pseclrwc01,No
Sub-Moog-Core-Security,RG-USAE2-Security-Rapid7-Scanner,usae2psecrapd01,No
Sub-Moog-Core-Security,RG-USAE2-Security-BeyondTrust-Privilege-Mgmt,usae2psecbtpmul01,No
Sub-Moog-Core-Security,RG-USAE2-Security-BeyondTrust-Privilege-Mgmt,usae2psecbtpmul02,No
Sub-Moog-Core-Security,RG-USAE2-Security-BeyondTrust-Privilege-Mgmt,usae2psecbtpmul03,No
Sub-Moog-Core-Security,RG-USAE2-Security-Ivanti-SXS-Application,usae2psecisxs01,No
Sub-Moog-Core-Security,RG-USAE2-Security-Ivanti-SXS-Application,usae2psecisxs02,No
Sub-Moog-Core-Security,RG-USAE2-Security-Ivanti-SXS-Application,usae2psecisxs03,No
Sub-Moog-Core-Security,RG-USAE2-Security-Ivanti-SXS-Application-Dev,usae2dsecisxs01,No
Sub-Moog-Core-Security,RG-USAE2-Security-BeyondTrust-RemoteSupport,usae2psecbtrs01,No
Sub-Moog-Core-Security,RG-USAE2-Security-BeyondTrust-RemoteSupport,usae2psecbtrs02,No
Sub-Moog-Core-Security,RG-USAE2-Security-EntraConnect,usae2pentrcon01,No
Sub-Moog-Core-Security,RG-GBAZ1-Security-pentest,gbaz1nkalipoc01,Yes
Sub-Moog-Core-Security,RG-USAE2-Security-Cortex-XDR,usae2svpabrkr01,No
Visual Studio Enterprise Subscription,NewVM1_group,NewVM1,No
Visual Studio Enterprise Subscription,rg-testing-vms,vm-mc-test-1,No
Visual Studio Enterprise Subscription,rg-testing-vms,vm-mc-test-4,No
Visual Studio Enterprise Subscription,rg-testing-vms,vm-mc-test-5,No
Visual Studio Enterprise Subscription,RG-USAZ2-Workday-Test,USAZ2SVWDTEST,No
Visual Studio Enterprise Subscription,rg-boglin,boglin,No
Visual Studio Enterprise,MadsDevServer2022,MadsDevServer2022,No
Visual Studio Enterprise,MadsServerUbuntu,MadsDevServerUbuntu,No
Visual Studio Enterprise Subscription,VM-AJS-TEST_group,DynatraceTestLinuxMachine,No
BillMEnterprise,BillMTestRG,Billm-Ubuntu-test,No
Visual Studio Enterprise Subscription,MadsBotsUbuntu,MadsBotsServerUbuntu,No
Visual Studio Enterprise Subscription,ToolboxTestGroup,ToolboxTestVM,No
Sub-MoogInno-Aircraft-Convergence-NonProd,cvg-sim-cmp-rg,cvg-sim-cmp-licenceserver,No
Sub-MoogInno-Aircraft-Convergence-NonProd,cvg-sim-img-rg,cvg-sim-img-plantsimvm,No
Sub-Moog-Innovation-DarwinAI-Development,moog-gensynth1-rsgrp,moog-gensynth1-vm-gpu1,No
Sub-Moog-Innovation,ares-dev-backend,ares-dev-vm,No
Sub-Moog-Innovation,ag-innovation-video-test,moog-ag-ant-test,No
Sub-Moog-Innovation,rg-woojin-test,vm-woojin-test-2,No
